household_monthly_income_kes,parent_occupation,orphan_status,disability,dependents_count,siblings_in_college,residence_type,gender,band
19135.0,informal_business,not_orphan,0,3,1,urban_formal,male,5
6912.0,informal_business,not_orphan,0,3,1,urban_informal,female,2
6936.0,informal_business,not_orphan,0,3,1,urban_informal,female,2
59258.0,formal_employment,not_orphan,0,3,1,rural_high_poverty,female,5
20139.0,informal_business,not_orphan,0,3,1,urban_informal,male,3
34867.0,formal_employment,not_orphan,0,3,1,urban_formal,female,5
22730.0,informal_business,not_orphan,0,3,1,rural_low_poverty,female,3
37510.0,formal_employment,not_orphan,0,3,1,rural_high_poverty,female,3
32940.0,informal_business,not_orphan,0,3,1,urban_formal,male,5
11756.0,informal_business,not_orphan,0,3,1,urban_informal,male,3
17604.0,formal_employment,not_orphan,0,3,1,rural_high_poverty,female,3
7386.0,informal_business,not_orphan,1,3,1,urban_informal,male,1
4963.0,deceased_one,single_orphan,0,3,1,urban_formal,male,2
11049.0,informal_business,not_orphan,0,3,1,rural_high_poverty,male,2
14954.0,informal_business,not_orphan,1,3,1,urban_formal,female,2
3210.0,unemployed,not_orphan,0,3,1,urban_informal,female,1
1407.0,unemployed,not_orphan,0,3,1,rural_high_poverty,female,1
54656.0,formal_employment,not_orphan,0,3,1,rural_high_poverty,female,5
29587.0,informal_business,not_orphan,1,3,1,urban_formal,female,3
26861.0,formal_employment,not_orphan,0,3,1,rural_low_poverty,female,3
9074.0,unemployed,not_orphan,0,3,1,rural_low_poverty,male,3
25693.0,informal_business,not_orphan,0,3,1,urban_informal,female,4
4927.0,deceased_both,double_orphan,0,3,1,rural_low_poverty,male,1
11759.0,informal_business,not_orphan,1,3,1,rural_high_poverty,male,2
8249.0,informal_business,not_orphan,0,3,1,rural_high_poverty,male,2
12318.0,deceased_one,single_orphan,0,3,1,rural_low_poverty,male,2
13005.0,formal_employment,not_orphan,0,3,1,urban_formal,male,4
15017.0,informal_business,not_orphan,0,3,1,urban_informal,female,2
14466.0,informal_business,not_orphan,0,3,1,rural_low_poverty,female,3
11654.0,informal_business,not_orphan,0,3,1,rural_high_poverty,female,3
3297.0,unemployed,not_orphan,0,3,1,urban_formal,female,2
3766.0,unemployed,not_orphan,0,3,1,rural_high_poverty,female,1
4101.0,unemployed,not_orphan,0,3,1,urban_informal,male,2
20030.0,informal_business,not_orphan,0,3,1,rural_low_poverty,male,3
10142.0,informal_business,not_orphan,0,3,1,urban_informal,male,2
44021.0,formal_employment,not_orphan,0,3,1,rural_low_poverty,female,5
49019.0,formal_employment,not_orphan,0,3,1,rural_high_poverty,male,3
41480.0,formal_employment,not_orphan,0,3,1,rural_high_poverty,female,3
1927.0,unemployed,not_orphan,0,3,1,urban_informal,female,1
11265.0,informal_business,not_orphan,0,3,1,rural_high_poverty,female,2
19950.0,informal_business,not_orphan,0,3,1,rural_high_poverty,male,5
14189.0,informal_business,not_orphan,0,3,1,rural_high_poverty,male,3
4924.0,unemployed,not_orphan,0,3,1,urban_formal,female,2
16453.0,informal_business,not_orphan,0,3,1,urban_informal,female,4
23483.0,informal_business,not_orphan,0,3,1,urban_informal,male,3
6211.0,unemployed,not_orphan,0,3,1,rural_low_poverty,male,3
111038.0,formal_employment,not_orphan,0,3,1,urban_formal,female,5
27374.0,informal_business,not_orphan,0,3,1,rural_high_poverty,male,4
22715.0,informal_business,not_orphan,0,3,1,urban_informal,male,4
55167.0,formal_employment,not_orphan,0,3,1,rural_high_poverty,female,5
3298.0,unemployed,not_orphan,0,3,1,urban_informal,female,2
8813.0,deceased_one,single_orphan,0,3,1,urban_formal,female,2
58161.0,formal_employment,not_orphan,0,3,1,urban_informal,female,5
65205.0,formal_employment,not_orphan,0,3,1,rural_high_poverty,male,5
17318.0,informal_business,not_orphan,0,3,1,urban_informal,male,3
14686.0,informal_business,not_orphan,0,3,1,rural_low_poverty,female,4
56394.0,formal_employment,not_orphan,0,3,1,urban_formal,female,5
34789.0,formal_employment,not_orphan,0,3,1,rural_high_poverty,female,5
13426.0,informal_business,not_orphan,1,3,1,rural_high_poverty,male,1
49098.0,formal_employment,not_orphan,0,3,1,rural_high_poverty,male,5
28428.0,informal_business,not_orphan,0,3,1,rural_low_poverty,male,4
41793.0,formal_employment,not_orphan,0,3,1,urban_formal,female,5
31055.0,informal_business,not_orphan,0,3,1,urban_informal,female,3
17549.0,informal_business,not_orphan,1,3,1,urban_informal,male,3
500.0,unemployed,not_orphan,0,3,1,rural_high_poverty,female,1
8459.0,deceased_one,single_orphan,0,3,1,rural_high_poverty,female,2
8419.0,deceased_one,single_orphan,0,3,1,rural_low_poverty,male,2
6330.0,unemployed,not_orphan,1,3,1,urban_informal,male,1
8929.0,informal_business,not_orphan,0,3,1,urban_formal,male,3
6605.0,unemployed,not_orphan,0,3,1,urban_informal,female,2
23250.0,informal_business,not_orphan,0,3,1,rural_high_poverty,female,3
1351.0,unemployed,not_orphan,0,3,1,rural_high_poverty,female,1
10915.0,informal_business,not_orphan,0,3,1,rural_low_poverty,female,3
23268.0,informal_business,not_orphan,0,3,1,rural_high_poverty,female,3
90928.0,formal_employment,not_orphan,0,3,1,urban_formal,male,5
10286.0,unemployed,not_orphan,0,3,1,urban_formal,female,5
28334.0,formal_employment,not_orphan,0,3,1,urban_formal,female,5
9192.0,unemployed,not_orphan,0,3,1,rural_high_poverty,male,2
4368.0,deceased_one,single_orphan,0,3,1,urban_formal,female,2
15363.0,informal_business,not_orphan,0,3,1,rural_high_poverty,female,3
3679.0,unemployed,not_orphan,0,3,1,rural_high_poverty,female,1
67376.0,formal_employment,not_orphan,0,3,1,urban_informal,male,5
4847.0,deceased_both,double_orphan,0,3,1,rural_low_poverty,female,1
51396.0,formal_employment,not_orphan,0,3,1,urban_formal,female,5
52338.0,formal_employment,not_orphan,0,3,1,urban_informal,male,5
11105.0,informal_business,not_orphan,0,3,1,urban_informal,male,2
47322.0,formal_employment,not_orphan,0,3,1,urban_informal,male,4
32067.0,informal_business,not_orphan,0,3,1,urban_formal,male,5
55502.0,formal_employment,not_orphan,0,3,1,urban_formal,male,4
4781.0,deceased_one,single_orphan,0,3,1,rural_high_poverty,male,1
5352.0,deceased_both,double_orphan,0,3,1,urban_formal,male,1
15967.0,informal_business,not_orphan,0,3,1,rural_low_poverty,male,4
17965.0,informal_business,not_orphan,0,3,1,rural_high_poverty,female,4
58480.0,formal_employment,not_orphan,0,3,1,urban_formal,male,5
22903.0,informal_business,not_orphan,1,3,1,urban_formal,male,2
1921.0,deceased_both,double_orphan,0,3,1,urban_formal,female,1
43711.0,formal_employment,not_orphan,0,3,1,urban_informal,male,5
14023.0,informal_business,not_orphan,0,3,1,rural_high_poverty,female,3
37810.0,formal_employment,not_orphan,0,3,1,rural_high_poverty,female,4
13944.0,formal_employment,not_orphan,0,3,1,urban_formal,female,5
45156.0,formal_employment,not_orphan,0,3,1,urban_formal,male,4
34645.0,formal_employment,not_orphan,0,3,1,rural_high_poverty,male,5
13397.0,deceased_one,single_orphan,0,3,1,urban_formal,male,3
7668.0,unemployed,not_orphan,0,3,1,rural_high_poverty,female,2
16551.0,formal_employment,not_orphan,0,3,1,urban_informal,female,2
9312.0,informal_business,not_orphan,0,3,1,rural_low_poverty,female,3
8974.0,deceased_one,single_orphan,0,3,1,rural_high_poverty,female,1
16947.0,informal_business,not_orphan,0,3,1,rural_high_poverty,male,3
12683.0,informal_business,not_orphan,0,3,1,urban_informal,male,3
2467.0,unemployed,not_orphan,1,3,1,rural_low_poverty,male,1
5464.0,deceased_one,single_orphan,0,3,1,urban_informal,female,1
14486.0,informal_business,not_orphan,0,3,1,rural_low_poverty,male,3
8263.0,informal_business,not_orphan,0,3,1,urban_informal,male,3
54338.0,formal_employment,not_orphan,0,3,1,rural_low_poverty,male,5
77772.0,formal_employment,not_orphan,0,3,1,urban_formal,male,5
38059.0,formal_employment,not_orphan,0,3,1,rural_high_poverty,female,5
8220.0,deceased_one,single_orphan,0,3,1,urban_informal,female,2
500.0,unemployed,not_orphan,0,3,1,urban_informal,male,1
22447.0,formal_employment,not_orphan,0,3,1,rural_high_poverty,female,3
22711.0,formal_employment,not_orphan,0,3,1,urban_formal,female,3
54891.0,formal_employment,not_orphan,0,3,1,urban_informal,female,5
28287.0,informal_business,not_orphan,0,3,1,urban_formal,female,4
7929.0,informal_business,not_orphan,0,3,1,rural_high_poverty,male,2
5578.0,deceased_one,single_orphan,0,3,1,rural_low_poverty,male,2
13261.0,informal_business,not_orphan,0,3,1,urban_formal,male,3
44448.0,formal_employment,not_orphan,0,3,1,urban_formal,female,5
1944.0,deceased_one,single_orphan,0,3,1,urban_informal,male,1
24504.0,informal_business,not_orphan,0,3,1,rural_low_poverty,female,3
30084.0,formal_employment,not_orphan,0,3,1,urban_informal,female,3
26572.0,formal_employment,not_orphan,0,3,1,rural_low_poverty,male,4
3330.0,deceased_one,single_orphan,0,3,1,urban_informal,female,1
5908.0,deceased_one,single_orphan,1,3,1,urban_informal,female,1
9028.0,unemployed,not_orphan,0,3,1,urban_formal,female,3
44879.0,formal_employment,not_orphan,0,3,1,rural_high_poverty,male,4
5159.0,unemployed,not_orphan,0,3,1,urban_informal,female,2
40421.0,formal_employment,not_orphan,0,3,1,urban_formal,male,5
819.0,deceased_both,double_orphan,0,3,1,rural_low_poverty,female,1
45153.0,formal_employment,not_orphan,0,3,1,rural_high_poverty,male,4
24284.0,informal_business,not_orphan,0,3,1,urban_informal,male,4
24713.0,informal_business,not_orphan,0,3,1,rural_high_poverty,male,4
5672.0,unemployed,not_orphan,0,3,1,urban_formal,male,3
9318.0,informal_business,not_orphan,0,3,1,rural_low_poverty,male,4
12956.0,informal_business,not_orphan,0,3,1,urban_informal,male,3
2757.0,deceased_both,double_orphan,0,3,1,urban_formal,male,1
45868.0,formal_employment,not_orphan,0,3,1,rural_high_poverty,male,5
17053.0,informal_business,not_orphan,0,3,1,rural_high_poverty,male,3
26243.0,informal_business,not_orphan,0,3,1,rural_low_poverty,female,4
22146.0,informal_business,not_orphan,0,3,1,urban_informal,male,4
23778.0,informal_business,not_orphan,0,3,1,rural_low_poverty,female,4
61104.0,formal_employment,not_orphan,0,3,1,rural_high_poverty,male,4
18464.0,informal_business,not_orphan,0,3,1,rural_high_poverty,male,2
67872.0,formal_employment,not_orphan,0,3,1,rural_low_poverty,male,5
18572.0,informal_business,not_orphan,0,3,1,urban_formal,female,5
3205.0,unemployed,not_orphan,0,3,1,rural_high_poverty,female,1
73336.0,formal_employment,not_orphan,0,3,1,urban_informal,male,5
40446.0,formal_employment,not_orphan,0,3,1,rural_high_poverty,female,5
37435.0,informal_business,not_orphan,0,3,1,urban_formal,female,5
1325.0,deceased_one,single_orphan,0,3,1,urban_formal,male,1
46402.0,formal_employment,not_orphan,0,3,1,rural_high_poverty,male,4
10613.0,deceased_one,single_orphan,0,3,1,urban_formal,male,2
16215.0,deceased_one,single_orphan,0,3,1,rural_low_poverty,female,2
7848.0,unemployed,not_orphan,0,3,1,urban_informal,female,3
3357.0,unemployed,not_orphan,0,3,1,rural_high_poverty,female,2
18613.0,informal_business,not_orphan,0,3,1,rural_high_poverty,female,2
2440.0,unemployed,not_orphan,0,3,1,rural_high_poverty,male,1
29953.0,formal_employment,not_orphan,0,3,1,rural_high_poverty,male,5
56827.0,formal_employment,not_orphan,0,3,1,rural_low_poverty,female,3
7827.0,deceased_one,single_orphan,0,3,1,rural_high_poverty,female,1
30493.0,informal_business,not_orphan,0,3,1,rural_high_poverty,male,3
500.0,deceased_one,single_orphan,1,3,1,rural_high_poverty,male,1
20005.0,informal_business,not_orphan,0,3,1,urban_formal,male,4
60309.0,formal_employment,not_orphan,0,3,1,rural_low_poverty,male,5
9570.0,unemployed,not_orphan,0,3,1,urban_formal,female,3
5707.0,unemployed,not_orphan,0,3,1,rural_low_poverty,female,2
7688.0,deceased_one,single_orphan,0,3,1,urban_informal,male,2
6756.0,unemployed,not_orphan,0,3,1,rural_low_poverty,male,3
19519.0,deceased_one,single_orphan,0,3,1,urban_formal,female,2
25020.0,informal_business,not_orphan,0,3,1,rural_low_poverty,female,4
35408.0,formal_employment,not_orphan,0,3,1,urban_formal,female,5
4872.0,deceased_one,single_orphan,0,3,1,rural_low_poverty,male,1
48411.0,formal_employment,not_orphan,0,3,1,rural_high_poverty,male,4
12834.0,informal_business,not_orphan,0,3,1,rural_low_poverty,female,2
55502.0,formal_employment,not_orphan,0,3,1,rural_high_poverty,male,5
20234.0,informal_business,not_orphan,0,3,1,rural_low_poverty,male,4
45054.0,formal_employment,not_orphan,0,3,1,rural_low_poverty,female,5
49667.0,formal_employment,not_orphan,0,3,1,urban_informal,male,5
3643.0,deceased_one,single_orphan,0,3,1,urban_formal,male,1
10956.0,informal_business,not_orphan,0,3,1,rural_high_poverty,female,4
40316.0,formal_employment,not_orphan,0,3,1,urban_informal,female,4
52859.0,formal_employment,not_orphan,0,3,1,urban_formal,female,5
5223.0,unemployed,not_orphan,0,3,1,urban_informal,male,1
43144.0,formal_employment,not_orphan,0,3,1,rural_high_poverty,male,4
83880.0,formal_employment,not_orphan,0,3,1,rural_low_poverty,female,5
500.0,deceased_both,double_orphan,0,3,1,urban_formal,male,1
27759.0,informal_business,not_orphan,0,3,1,urban_informal,female,4
22077.0,informal_business,not_orphan,0,3,1,urban_informal,female,4
3081.0,unemployed,not_orphan,1,3,1,rural_low_poverty,female,1
55105.0,formal_employment,not_orphan,0,3,1,urban_formal,male,5
3301.0,unemployed,not_orphan,0,3,1,urban_informal,male,2
19093.0,informal_business,not_orphan,0,3,1,urban_formal,male,5
18956.0,informal_business,not_orphan,0,3,1,rural_high_poverty,male,3
20472.0,informal_business,not_orphan,1,3,1,rural_high_poverty,female,2
7563.0,deceased_one,single_orphan,0,3,1,rural_high_poverty,female,1
25746.0,informal_business,not_orphan,1,3,1,urban_informal,male,2
17692.0,formal_employment,not_orphan,0,3,1,rural_high_poverty,male,4
69465.0,formal_employment,not_orphan,1,3,1,rural_low_poverty,female,5
19590.0,informal_business,not_orphan,0,3,1,urban_informal,male,2
9044.0,informal_business,not_orphan,0,3,1,rural_high_poverty,male,2
11179.0,deceased_one,single_orphan,0,3,1,rural_high_poverty,female,1
44730.0,formal_employment,not_orphan,0,3,1,rural_high_poverty,female,5
2075.0,deceased_both,double_orphan,0,3,1,rural_low_poverty,male,1
20094.0,informal_business,not_orphan,1,3,1,urban_formal,male,4
4859.0,deceased_one,single_orphan,0,3,1,rural_high_poverty,male,1
18455.0,formal_employment,not_orphan,0,3,1,urban_informal,female,3
53158.0,formal_employment,not_orphan,1,3,1,urban_formal,male,3
5898.0,unemployed,not_orphan,0,3,1,urban_informal,female,2
30895.0,formal_employment,not_orphan,0,3,1,rural_high_poverty,female,4
19672.0,informal_business,not_orphan,0,3,1,urban_formal,female,5
1538.0,informal_business,not_orphan,0,3,1,urban_formal,male,2
11313.0,deceased_one,single_orphan,0,3,1,urban_informal,female,1
3030.0,unemployed,not_orphan,0,3,1,rural_low_poverty,male,2
9083.0,informal_business,not_orphan,0,3,1,urban_informal,male,2
57961.0,formal_employment,not_orphan,0,3,1,rural_low_poverty,male,5
4985.0,deceased_both,double_orphan,0,3,1,urban_formal,female,1
46865.0,formal_employment,not_orphan,0,3,1,rural_high_poverty,female,4
67471.0,formal_employment,not_orphan,0,3,1,urban_formal,male,5
2276.0,deceased_both,double_orphan,0,3,1,rural_high_poverty,male,1
12853.0,informal_business,not_orphan,0,3,1,rural_high_poverty,female,3
32272.0,informal_business,not_orphan,0,3,1,urban_formal,female,4
10150.0,formal_employment,not_orphan,0,3,1,urban_formal,male,4
500.0,deceased_both,double_orphan,0,3,1,rural_high_poverty,female,1
14831.0,informal_business,not_orphan,1,3,1,rural_high_poverty,male,2
9864.0,deceased_one,single_orphan,0,3,1,rural_high_poverty,male,2
8639.0,deceased_one,single_orphan,0,3,1,urban_informal,female,2
19637.0,informal_business,not_orphan,0,3,1,urban_formal,male,4
4046.0,unemployed,not_orphan,0,3,1,rural_high_poverty,male,1
58645.0,formal_employment,not_orphan,0,3,1,rural_low_poverty,female,5
5585.0,deceased_one,single_orphan,0,3,1,rural_high_poverty,male,2
4964.0,unemployed,not_orphan,0,3,1,rural_high_poverty,male,2
18460.0,informal_business,not_orphan,0,3,1,rural_high_poverty,female,2
24726.0,formal_employment,not_orphan,0,3,1,urban_informal,male,3
26316.0,formal_employment,not_orphan,0,3,1,rural_high_poverty,female,4
15540.0,informal_business,not_orphan,0,3,1,rural_low_poverty,female,3
5267.0,unemployed,not_orphan,0,3,1,rural_high_poverty,male,2
26160.0,informal_business,not_orphan,1,3,1,urban_informal,female,2
4493.0,deceased_one,single_orphan,0,3,1,urban_informal,female,1
13778.0,formal_employment,not_orphan,0,3,1,rural_low_poverty,male,2
10758.0,deceased_one,single_orphan,0,3,1,rural_high_poverty,female,1
10312.0,informal_business,not_orphan,0,3,1,urban_formal,female,3
70424.0,formal_employment,not_orphan,0,3,1,urban_formal,male,4
12753.0,informal_business,not_orphan,0,3,1,rural_low_poverty,female,4
34220.0,formal_employment,not_orphan,0,3,1,rural_low_poverty,female,5
42394.0,formal_employment,not_orphan,0,3,1,urban_informal,male,5
28116.0,formal_employment,not_orphan,1,3,1,urban_informal,male,2
67140.0,formal_employment,not_orphan,0,3,1,urban_formal,female,5
57697.0,formal_employment,not_orphan,0,3,1,rural_low_poverty,male,5
500.0,informal_business,not_orphan,0,3,1,rural_low_poverty,female,1
20154.0,informal_business,not_orphan,0,3,1,urban_formal,male,5
18400.0,formal_employment,not_orphan,0,3,1,urban_informal,female,4
4744.0,unemployed,not_orphan,0,3,1,rural_high_poverty,female,1
21640.0,informal_business,not_orphan,0,3,1,urban_informal,male,3
38222.0,formal_employment,not_orphan,0,3,1,urban_formal,female,5
7457.0,deceased_one,single_orphan,0,3,1,urban_informal,female,2
39321.0,formal_employment,not_orphan,0,3,1,rural_high_poverty,male,4
21656.0,informal_business,not_orphan,0,3,1,rural_low_poverty,male,3
17533.0,informal_business,not_orphan,0,3,1,urban_informal,male,4
28623.0,formal_employment,not_orphan,0,3,1,urban_informal,male,4
20841.0,informal_business,not_orphan,0,3,1,rural_high_poverty,male,4
8839.0,deceased_one,single_orphan,0,3,1,rural_low_poverty,female,2
500.0,deceased_one,single_orphan,0,3,1,urban_informal,male,1
33815.0,formal_employment,not_orphan,0,3,1,rural_high_poverty,female,4
29450.0,formal_employment,not_orphan,0,3,1,rural_low_poverty,female,5
2089.0,deceased_both,double_orphan,1,3,1,urban_informal,male,1
500.0,informal_business,not_orphan,0,3,1,rural_low_poverty,female,1
13233.0,informal_business,not_orphan,0,3,1,urban_informal,female,3
30520.0,informal_business,not_orphan,0,3,1,rural_high_poverty,male,5
27287.0,formal_employment,not_orphan,0,3,1,urban_formal,male,5
5657.0,unemployed,not_orphan,0,3,1,urban_formal,female,4
10838.0,unemployed,not_orphan,0,3,1,urban_formal,female,4
51285.0,formal_employment,not_orphan,0,3,1,urban_informal,male,3
26143.0,informal_business,not_orphan,0,3,1,rural_low_poverty,male,3
43150.0,formal_employment,not_orphan,0,3,1,rural_low_poverty,male,4
551.0,unemployed,not_orphan,0,3,1,rural_high_poverty,female,1
2014.0,unemployed,not_orphan,0,3,1,urban_informal,male,2
22174.0,informal_business,not_orphan,0,3,1,rural_low_poverty,female,3
36830.0,formal_employment,not_orphan,0,3,1,urban_formal,female,5
14521.0,informal_business,not_orphan,0,3,1,rural_high_poverty,male,2
27157.0,formal_employment,not_orphan,0,3,1,rural_high_poverty,male,3
616.0,unemployed,not_orphan,0,3,1,urban_formal,male,1
500.0,deceased_both,double_orphan,0,3,1,urban_formal,male,1
24538.0,informal_business,not_orphan,0,3,1,rural_low_poverty,male,3
26809.0,formal_employment,not_orphan,0,3,1,urban_formal,female,5
8702.0,informal_business,not_orphan,0,3,1,urban_informal,female,3
20869.0,informal_business,not_orphan,0,3,1,urban_formal,female,3
40697.0,formal_employment,not_orphan,0,3,1,urban_informal,female,4
36955.0,formal_employment,not_orphan,0,3,1,urban_informal,male,4
5903.0,unemployed,not_orphan,1,3,1,urban_informal,female,2
60754.0,formal_employment,not_orphan,0,3,1,urban_formal,male,5
45659.0,formal_employment,not_orphan,0,3,1,urban_formal,female,5
13973.0,informal_business,not_orphan,0,3,1,urban_formal,female,4
60382.0,formal_employment,not_orphan,0,3,1,urban_informal,male,5
50607.0,formal_employment,not_orphan,1,3,1,urban_formal,male,4
31108.0,formal_employment,not_orphan,0,3,1,rural_high_poverty,male,4
13939.0,informal_business,not_orphan,0,3,1,rural_high_poverty,male,2
10939.0,deceased_one,single_orphan,0,3,1,rural_high_poverty,male,2
32559.0,informal_business,not_orphan,1,3,1,rural_high_poverty,female,2
16242.0,informal_business,not_orphan,0,3,1,urban_informal,male,2
3395.0,unemployed,not_orphan,0,3,1,rural_high_poverty,male,1
25542.0,informal_business,not_orphan,0,3,1,urban_formal,female,4
5988.0,unemployed,not_orphan,0,3,1,rural_high_poverty,female,2
70184.0,formal_employment,not_orphan,0,3,1,urban_formal,female,5
16347.0,informal_business,not_orphan,0,3,1,rural_high_poverty,male,3
37763.0,formal_employment,not_orphan,0,3,1,urban_formal,female,4
27621.0,informal_business,not_orphan,0,3,1,rural_low_poverty,female,4
752.0,deceased_both,double_orphan,0,3,1,rural_high_poverty,female,1
3408.0,unemployed,not_orphan,0,3,1,rural_low_poverty,male,1
4370.0,deceased_one,single_orphan,0,3,1,urban_informal,male,1
3261.0,deceased_both,double_orphan,0,3,1,urban_formal,female,1
6803.0,informal_business,not_orphan,0,3,1,urban_informal,male,2
10080.0,informal_business,not_orphan,0,3,1,rural_high_poverty,male,2
32124.0,informal_business,not_orphan,0,3,1,rural_low_poverty,female,4
62997.0,formal_employment,not_orphan,1,3,1,rural_low_poverty,female,4
3928.0,deceased_both,double_orphan,0,3,1,rural_high_poverty,female,1
8424.0,unemployed,not_orphan,0,3,1,urban_formal,female,3
79037.0,formal_employment,not_orphan,0,3,1,urban_informal,male,5
12486.0,informal_business,not_orphan,0,3,1,urban_informal,female,3
41861.0,formal_employment,not_orphan,0,3,1,rural_high_poverty,female,4
60517.0,formal_employment,not_orphan,0,3,1,urban_informal,male,5
3525.0,unemployed,not_orphan,0,3,1,rural_high_poverty,male,2
3282.0,deceased_both,double_orphan,0,3,1,rural_low_poverty,male,1
17030.0,informal_business,not_orphan,0,3,1,urban_formal,female,5
46511.0,formal_employment,not_orphan,0,3,1,rural_high_poverty,female,4
21649.0,informal_business,not_orphan,0,3,1,urban_informal,male,4
6880.0,unemployed,not_orphan,0,3,1,rural_high_poverty,male,2
65862.0,formal_employment,not_orphan,0,3,1,urban_formal,male,5
20444.0,informal_business,not_orphan,0,3,1,rural_high_poverty,female,2
4306.0,informal_business,not_orphan,0,3,1,urban_formal,male,2
18222.0,informal_business,not_orphan,0,3,1,rural_high_poverty,female,3
15718.0,informal_business,not_orphan,0,3,1,rural_high_poverty,male,2
43886.0,formal_employment,not_orphan,0,3,1,urban_informal,female,5
12085.0,informal_business,not_orphan,0,3,1,rural_low_poverty,female,3
21806.0,informal_business,not_orphan,0,3,1,rural_high_poverty,female,2
17719.0,informal_business,not_orphan,0,3,1,rural_high_poverty,male,2
14939.0,informal_business,not_orphan,0,3,1,urban_informal,female,3
19480.0,informal_business,not_orphan,0,3,1,rural_low_poverty,female,4
62111.0,formal_employment,not_orphan,0,3,1,urban_formal,female,5
10629.0,informal_business,not_orphan,0,3,1,urban_informal,male,3
62766.0,formal_employment,not_orphan,0,3,1,rural_low_poverty,male,5
19752.0,informal_business,not_orphan,0,3,1,urban_informal,female,4
21839.0,informal_business,not_orphan,0,3,1,rural_high_poverty,female,2
3797.0,unemployed,not_orphan,0,3,1,rural_low_poverty,male,3
7156.0,deceased_one,single_orphan,0,3,1,urban_formal,female,1
13470.0,informal_business,not_orphan,0,3,1,urban_formal,male,4
29594.0,formal_employment,not_orphan,0,3,1,rural_high_poverty,male,3
20988.0,informal_business,not_orphan,0,3,1,rural_low_poverty,male,3
53031.0,formal_employment,not_orphan,0,3,1,urban_formal,female,5
7690.0,deceased_one,single_orphan,0,3,1,rural_high_poverty,male,1
21652.0,formal_employment,not_orphan,0,3,1,rural_low_poverty,female,4
15598.0,informal_business,not_orphan,0,3,1,rural_high_poverty,male,3
13222.0,deceased_one,single_orphan,0,3,1,urban_formal,female,2
14565.0,informal_business,not_orphan,0,3,1,rural_high_poverty,female,2
52104.0,formal_employment,not_orphan,0,3,1,urban_informal,male,5
31725.0,formal_employment,not_orphan,0,3,1,rural_high_poverty,female,3
23449.0,informal_business,not_orphan,0,3,1,rural_high_poverty,female,4
20564.0,informal_business,not_orphan,0,3,1,urban_formal,female,4
19146.0,informal_business,not_orphan,0,3,1,rural_high_poverty,male,2
6188.0,unemployed,not_orphan,0,3,1,urban_formal,male,2
79474.0,formal_employment,not_orphan,0,3,1,rural_high_poverty,male,5
17801.0,informal_business,not_orphan,0,3,1,urban_formal,male,4
77571.0,formal_employment,not_orphan,0,3,1,rural_low_poverty,male,5
7648.0,informal_business,not_orphan,0,3,1,urban_informal,female,2
9399.0,deceased_one,single_orphan,0,3,1,urban_formal,male,3
9739.0,deceased_one,single_orphan,0,3,1,rural_high_poverty,female,1
15878.0,informal_business,not_orphan,0,3,1,rural_low_poverty,female,2
28851.0,informal_business,not_orphan,0,3,1,urban_formal,male,5
67566.0,formal_employment,not_orphan,0,3,1,rural_high_poverty,male,4
17408.0,informal_business,not_orphan,1,3,1,urban_informal,male,2
21149.0,informal_business,not_orphan,0,3,1,urban_formal,male,5
14906.0,informal_business,not_orphan,0,3,1,urban_informal,male,2
9601.0,informal_business,not_orphan,0,3,1,urban_formal,female,3
36339.0,formal_employment,not_orphan,0,3,1,urban_informal,male,3
50728.0,formal_employment,not_orphan,0,3,1,urban_informal,female,5
53035.0,formal_employment,not_orphan,0,3,1,rural_high_poverty,male,3
50063.0,formal_employment,not_orphan,0,3,1,urban_formal,male,4
1496.0,deceased_both,double_orphan,0,3,1,rural_low_poverty,male,1
40522.0,formal_employment,not_orphan,0,3,1,urban_informal,female,5
15001.0,informal_business,not_orphan,0,3,1,urban_informal,female,2
25847.0,informal_business,not_orphan,0,3,1,rural_low_poverty,male,4
9783.0,deceased_one,single_orphan,0,3,1,urban_formal,female,2
500.0,unemployed,not_orphan,0,3,1,urban_informal,male,1
43225.0,formal_employment,not_orphan,0,3,1,urban_informal,female,5
9210.0,deceased_one,single_orphan,0,3,1,rural_high_poverty,female,2
500.0,unemployed,not_orphan,0,3,1,urban_informal,male,1
6078.0,unemployed,not_orphan,0,3,1,urban_informal,female,3
5332.0,unemployed,not_orphan,0,3,1,urban_formal,female,4
11216.0,deceased_one,single_orphan,0,3,1,urban_informal,male,2
1488.0,deceased_both,double_orphan,0,3,1,rural_low_poverty,male,1
3907.0,unemployed,not_orphan,0,3,1,urban_informal,female,2
13226.0,informal_business,not_orphan,0,3,1,rural_high_poverty,male,2
17272.0,informal_business,not_orphan,0,3,1,rural_high_poverty,male,3
4457.0,deceased_both,double_orphan,0,3,1,urban_informal,female,1
50087.0,formal_employment,not_orphan,0,3,1,urban_informal,female,5
4883.0,deceased_both,double_orphan,0,3,1,urban_formal,female,1
14583.0,informal_business,not_orphan,0,3,1,rural_high_poverty,male,3
21063.0,informal_business,not_orphan,0,3,1,urban_formal,female,4
21113.0,informal_business,not_orphan,0,3,1,rural_low_poverty,female,4
6427.0,unemployed,not_orphan,1,3,1,rural_high_poverty,male,1
57474.0,formal_employment,not_orphan,0,3,1,rural_low_poverty,female,4
30215.0,informal_business,not_orphan,0,3,1,urban_informal,male,4
33550.0,formal_employment,not_orphan,0,3,1,rural_low_poverty,female,4
16792.0,informal_business,not_orphan,0,3,1,rural_low_poverty,male,4
23899.0,informal_business,not_orphan,0,3,1,urban_formal,female,4
29000.0,informal_business,not_orphan,0,3,1,rural_low_poverty,male,5
23615.0,informal_business,not_orphan,1,3,1,urban_formal,female,4
10444.0,informal_business,not_orphan,0,3,1,rural_high_poverty,male,4
4072.0,deceased_both,double_orphan,0,3,1,rural_high_poverty,female,1
3621.0,unemployed,not_orphan,0,3,1,rural_low_poverty,female,1
40468.0,formal_employment,not_orphan,0,3,1,urban_informal,female,4
28298.0,informal_business,not_orphan,0,3,1,rural_low_poverty,male,4
10693.0,deceased_one,single_orphan,0,3,1,rural_high_poverty,female,1
7961.0,informal_business,not_orphan,0,3,1,urban_informal,female,3
81854.0,formal_employment,not_orphan,0,3,1,urban_formal,female,5
50614.0,formal_employment,not_orphan,0,3,1,urban_informal,female,5
21658.0,informal_business,not_orphan,0,3,1,urban_informal,female,4
500.0,deceased_one,single_orphan,0,3,1,rural_low_poverty,male,1
12283.0,informal_business,not_orphan,0,3,1,urban_informal,male,3
49248.0,formal_employment,not_orphan,0,3,1,urban_formal,female,5
27469.0,formal_employment,not_orphan,0,3,1,rural_high_poverty,male,2
15873.0,informal_business,not_orphan,1,3,1,urban_formal,female,2
45664.0,formal_employment,not_orphan,0,3,1,rural_low_poverty,female,3
50736.0,formal_employment,not_orphan,1,3,1,rural_low_poverty,female,3
21230.0,informal_business,not_orphan,0,3,1,rural_low_poverty,female,4
1157.0,unemployed,not_orphan,0,3,1,urban_informal,male,1
7404.0,deceased_one,single_orphan,0,3,1,rural_low_poverty,male,2
1435.0,deceased_both,double_orphan,0,3,1,urban_informal,female,1
15994.0,deceased_one,single_orphan,0,3,1,rural_high_poverty,male,2
18077.0,informal_business,not_orphan,0,3,1,rural_high_poverty,female,3
12476.0,informal_business,not_orphan,1,3,1,urban_informal,male,2
14712.0,informal_business,not_orphan,0,3,1,rural_high_poverty,female,3
500.0,deceased_one,single_orphan,1,3,1,rural_high_poverty,female,1
4719.0,unemployed,not_orphan,0,3,1,urban_informal,male,2
7312.0,unemployed,not_orphan,0,3,1,rural_high_poverty,male,2
63457.0,formal_employment,not_orphan,0,3,1,urban_informal,male,5
88527.0,formal_employment,not_orphan,0,3,1,urban_formal,male,5
4359.0,unemployed,not_orphan,0,3,1,urban_formal,female,3
7543.0,informal_business,not_orphan,0,3,1,rural_high_poverty,male,1
7445.0,deceased_one,single_orphan,0,3,1,rural_low_poverty,female,1
48787.0,formal_employment,not_orphan,0,3,1,urban_informal,female,5
44837.0,formal_employment,not_orphan,0,3,1,rural_low_poverty,male,4
67511.0,formal_employment,not_orphan,0,3,1,rural_low_poverty,male,5
45703.0,formal_employment,not_orphan,0,3,1,urban_formal,female,4
44030.0,formal_employment,not_orphan,0,3,1,rural_high_poverty,male,4
12301.0,deceased_one,single_orphan,0,3,1,urban_formal,female,2
56654.0,formal_employment,not_orphan,0,3,1,urban_formal,female,5
4850.0,deceased_both,double_orphan,0,3,1,rural_high_poverty,female,1
33110.0,informal_business,not_orphan,0,3,1,rural_low_poverty,female,4
53453.0,formal_employment,not_orphan,0,3,1,urban_informal,male,5
5075.0,deceased_one,single_orphan,0,3,1,urban_formal,female,2
8702.0,unemployed,not_orphan,0,3,1,rural_high_poverty,male,2
37692.0,formal_employment,not_orphan,0,3,1,urban_formal,female,4
14873.0,informal_business,not_orphan,0,3,1,rural_high_poverty,male,4
6028.0,informal_business,not_orphan,0,3,1,rural_high_poverty,male,2
10507.0,informal_business,not_orphan,0,3,1,rural_high_poverty,male,2
12315.0,informal_business,not_orphan,0,3,1,urban_formal,male,3
20760.0,informal_business,not_orphan,0,3,1,urban_formal,female,5
7469.0,informal_business,not_orphan,0,3,1,rural_low_poverty,male,3
2207.0,unemployed,not_orphan,0,3,1,urban_informal,female,1
35086.0,formal_employment,not_orphan,0,3,1,rural_high_poverty,male,4
12447.0,deceased_one,single_orphan,0,3,1,urban_informal,male,1
1798.0,deceased_both,double_orphan,0,3,1,rural_low_poverty,male,1
19767.0,formal_employment,not_orphan,0,3,1,urban_informal,female,4
11567.0,informal_business,not_orphan,0,3,1,rural_low_poverty,female,3
35796.0,informal_business,not_orphan,0,3,1,urban_informal,female,4
9034.0,informal_business,not_orphan,0,3,1,rural_low_poverty,male,2
7563.0,informal_business,not_orphan,0,3,1,rural_low_poverty,male,3
50142.0,formal_employment,not_orphan,0,3,1,rural_low_poverty,female,5
5706.0,unemployed,not_orphan,0,3,1,rural_low_poverty,female,2
56129.0,formal_employment,not_orphan,0,3,1,urban_informal,male,5
500.0,deceased_both,double_orphan,0,3,1,urban_informal,female,1
16895.0,informal_business,not_orphan,0,3,1,urban_informal,male,2
13075.0,informal_business,not_orphan,0,3,1,rural_high_poverty,female,3
29032.0,informal_business,not_orphan,0,3,1,urban_informal,female,4
25090.0,informal_business,not_orphan,0,3,1,rural_high_poverty,male,3
500.0,deceased_both,double_orphan,0,3,1,urban_informal,male,1
61570.0,formal_employment,not_orphan,0,3,1,urban_informal,female,4
36643.0,formal_employment,not_orphan,0,3,1,urban_informal,male,4
19628.0,informal_business,not_orphan,0,3,1,urban_formal,female,4
3786.0,unemployed,not_orphan,0,3,1,rural_low_poverty,male,2
7242.0,informal_business,not_orphan,0,3,1,urban_formal,male,3
7467.0,deceased_one,single_orphan,0,3,1,urban_formal,male,2
23835.0,formal_employment,not_orphan,0,3,1,urban_informal,female,4
19924.0,informal_business,not_orphan,0,3,1,rural_low_poverty,female,4
1786.0,deceased_both,double_orphan,0,3,1,urban_formal,female,1
5298.0,unemployed,not_orphan,0,3,1,urban_informal,male,2
21680.0,formal_employment,not_orphan,0,3,1,rural_high_poverty,female,4
1100.0,unemployed,not_orphan,0,3,1,rural_low_poverty,female,1
52940.0,formal_employment,not_orphan,0,3,1,rural_high_poverty,male,5
16637.0,formal_employment,not_orphan,0,3,1,rural_low_poverty,male,3
56961.0,formal_employment,not_orphan,0,3,1,rural_high_poverty,female,3
9539.0,deceased_one,single_orphan,0,3,1,rural_high_poverty,female,1
48709.0,formal_employment,not_orphan,0,3,1,urban_formal,female,5
48283.0,formal_employment,not_orphan,0,3,1,rural_low_poverty,female,4
13755.0,informal_business,not_orphan,0,3,1,urban_formal,female,4
18117.0,informal_business,not_orphan,0,3,1,urban_informal,male,3
3639.0,informal_business,not_orphan,0,3,1,rural_low_poverty,female,3
45480.0,formal_employment,not_orphan,0,3,1,rural_high_poverty,male,4
12764.0,informal_business,not_orphan,0,3,1,rural_high_poverty,male,3
4579.0,unemployed,not_orphan,0,3,1,rural_low_poverty,female,3
500.0,unemployed,not_orphan,0,3,1,urban_informal,female,1
6571.0,unemployed,not_orphan,0,3,1,rural_high_poverty,male,2
13442.0,deceased_one,single_orphan,0,3,1,urban_informal,male,2
38426.0,formal_employment,not_orphan,0,3,1,rural_high_poverty,female,3
14811.0,informal_business,not_orphan,0,3,1,rural_high_poverty,male,2
71937.0,formal_employment,not_orphan,0,3,1,rural_high_poverty,male,3
44048.0,formal_employment,not_orphan,0,3,1,rural_high_poverty,male,4
14425.0,informal_business,not_orphan,0,3,1,urban_informal,female,3
500.0,informal_business,not_orphan,0,3,1,rural_high_poverty,male,1
26880.0,informal_business,not_orphan,0,3,1,urban_informal,female,4
37749.0,formal_employment,not_orphan,0,3,1,rural_low_poverty,male,5
23438.0,informal_business,not_orphan,0,3,1,rural_low_poverty,male,4
12067.0,deceased_one,single_orphan,0,3,1,urban_formal,male,2
9900.0,deceased_one,single_orphan,0,3,1,urban_formal,female,2
2738.0,deceased_both,double_orphan,0,3,1,rural_high_poverty,female,1
3700.0,unemployed,not_orphan,0,3,1,rural_low_poverty,male,2
48012.0,formal_employment,not_orphan,0,3,1,urban_informal,male,5
8129.0,deceased_one,single_orphan,0,3,1,rural_low_poverty,male,2
50605.0,formal_employment,not_orphan,0,3,1,rural_low_poverty,female,5
27701.0,formal_employment,not_orphan,0,3,1,urban_formal,male,4
3096.0,deceased_one,single_orphan,0,3,1,urban_informal,female,1
3178.0,unemployed,not_orphan,0,3,1,urban_formal,male,2
11709.0,deceased_one,single_orphan,0,3,1,rural_low_poverty,female,2
48020.0,formal_employment,not_orphan,1,3,1,urban_informal,female,4
3490.0,informal_business,not_orphan,0,3,1,urban_informal,male,3
28463.0,informal_business,not_orphan,0,3,1,urban_formal,female,5
25518.0,informal_business,not_orphan,0,3,1,rural_high_poverty,female,3
2329.0,deceased_both,double_orphan,0,3,1,rural_high_poverty,male,1
16101.0,deceased_one,single_orphan,0,3,1,urban_formal,male,2
64320.0,formal_employment,not_orphan,0,3,1,urban_formal,male,5
10315.0,deceased_one,single_orphan,0,3,1,rural_high_poverty,female,1
80209.0,formal_employment,not_orphan,0,3,1,urban_formal,male,5
55855.0,formal_employment,not_orphan,0,3,1,rural_low_poverty,male,4
1081.0,deceased_both,double_orphan,0,3,1,rural_high_poverty,male,1
26097.0,formal_employment,not_orphan,0,3,1,rural_high_poverty,female,3
1811.0,unemployed,not_orphan,0,3,1,rural_high_poverty,male,1
41717.0,formal_employment,not_orphan,0,3,1,urban_informal,male,5
7733.0,deceased_one,single_orphan,0,3,1,urban_formal,male,2
13309.0,informal_business,not_orphan,0,3,1,rural_low_poverty,female,3
14093.0,deceased_one,single_orphan,0,3,1,urban_informal,female,2
7005.0,unemployed,not_orphan,0,3,1,rural_low_poverty,female,3
3564.0,deceased_both,double_orphan,0,3,1,rural_high_poverty,female,1
5848.0,unemployed,not_orphan,0,3,1,urban_formal,male,2
10443.0,deceased_one,single_orphan,0,3,1,urban_formal,male,2
42803.0,formal_employment,not_orphan,0,3,1,rural_high_poverty,male,4
32722.0,formal_employment,not_orphan,0,3,1,rural_high_poverty,female,4
47179.0,formal_employment,not_orphan,0,3,1,urban_informal,female,5
1466.0,deceased_one,single_orphan,0,3,1,urban_informal,male,1
6728.0,deceased_one,single_orphan,1,3,1,rural_low_poverty,male,1
42614.0,formal_employment,not_orphan,0,3,1,rural_high_poverty,female,4
42402.0,formal_employment,not_orphan,0,3,1,rural_high_poverty,female,5
14122.0,informal_business,not_orphan,0,3,1,urban_informal,female,3
19340.0,informal_business,not_orphan,0,3,1,urban_formal,male,3
9170.0,deceased_one,single_orphan,0,3,1,rural_high_poverty,female,2
12974.0,informal_business,not_orphan,0,3,1,urban_informal,male,3
31256.0,formal_employment,not_orphan,0,3,1,urban_informal,female,4
9494.0,unemployed,not_orphan,0,3,1,rural_low_poverty,male,3
1627.0,deceased_both,double_orphan,0,3,1,rural_low_poverty,female,1
35940.0,formal_employment,not_orphan,0,3,1,rural_high_poverty,male,4
4365.0,unemployed,not_orphan,0,3,1,rural_low_poverty,male,2
7617.0,unemployed,not_orphan,0,3,1,urban_formal,male,3
44618.0,formal_employment,not_orphan,0,3,1,rural_low_poverty,male,5
9676.0,informal_business,not_orphan,0,3,1,urban_informal,male,3
9039.0,informal_business,not_orphan,0,3,1,urban_informal,male,3
500.0,unemployed,not_orphan,0,3,1,rural_high_poverty,female,1
5787.0,unemployed,not_orphan,0,3,1,rural_low_poverty,male,3
32900.0,formal_employment,not_orphan,1,3,1,rural_high_poverty,male,3
51579.0,formal_employment,not_orphan,0,3,1,rural_high_poverty,female,4
52679.0,formal_employment,not_orphan,0,3,1,urban_informal,male,4
29158.0,formal_employment,not_orphan,0,3,1,rural_high_poverty,female,3
6865.0,unemployed,not_orphan,0,3,1,urban_informal,male,2
40537.0,formal_employment,not_orphan,0,3,1,urban_informal,female,4
62310.0,formal_employment,not_orphan,0,3,1,rural_high_poverty,female,3
6096.0,unemployed,not_orphan,0,3,1,rural_high_poverty,female,3
24457.0,informal_business,not_orphan,0,3,1,urban_formal,male,5
13743.0,deceased_one,single_orphan,1,3,1,urban_formal,male,1
2307.0,deceased_both,double_orphan,0,3,1,rural_low_poverty,male,1
14952.0,informal_business,not_orphan,0,3,1,urban_formal,male,4
43993.0,formal_employment,not_orphan,0,3,1,rural_high_poverty,female,5
12863.0,informal_business,not_orphan,0,3,1,rural_high_poverty,female,2
12321.0,unemployed,not_orphan,0,3,1,urban_informal,female,4
33154.0,formal_employment,not_orphan,0,3,1,rural_high_poverty,female,4
3692.0,unemployed,not_orphan,0,3,1,rural_low_poverty,female,3
11721.0,informal_business,not_orphan,0,3,1,urban_informal,female,4
29601.0,informal_business,not_orphan,0,3,1,rural_high_poverty,female,4
500.0,unemployed,not_orphan,0,3,1,rural_high_poverty,female,1
17448.0,informal_business,not_orphan,0,3,1,urban_formal,male,4
16055.0,informal_business,not_orphan,0,3,1,rural_low_poverty,female,3
31865.0,formal_employment,not_orphan,0,3,1,rural_high_poverty,female,5
16344.0,informal_business,not_orphan,0,3,1,urban_informal,male,5
11455.0,deceased_one,single_orphan,0,3,1,urban_formal,female,3
971.0,unemployed,not_orphan,0,3,1,rural_low_poverty,female,1
34629.0,formal_employment,not_orphan,0,3,1,urban_informal,male,4
24622.0,informal_business,not_orphan,0,3,1,urban_formal,female,5
10894.0,deceased_one,single_orphan,0,3,1,urban_formal,female,2
64578.0,formal_employment,not_orphan,0,3,1,urban_informal,male,4
6706.0,deceased_one,single_orphan,0,3,1,urban_formal,female,2
922.0,informal_business,not_orphan,1,3,1,rural_high_poverty,male,1
4965.0,unemployed,not_orphan,0,3,1,rural_high_poverty,female,2
27053.0,informal_business,not_orphan,0,3,1,rural_high_poverty,male,3
41027.0,formal_employment,not_orphan,0,3,1,rural_high_poverty,male,5
20696.0,informal_business,not_orphan,0,3,1,rural_high_poverty,female,3
17280.0,informal_business,not_orphan,0,3,1,urban_formal,female,5
6095.0,deceased_one,single_orphan,0,3,1,urban_formal,male,1
5572.0,unemployed,not_orphan,0,3,1,rural_high_poverty,female,2
659.0,deceased_one,single_orphan,0,3,1,urban_informal,female,1
23558.0,informal_business,not_orphan,0,3,1,urban_formal,female,4
21741.0,informal_business,not_orphan,0,3,1,urban_formal,male,5
6636.0,unemployed,not_orphan,0,3,1,rural_high_poverty,female,2
13973.0,informal_business,not_orphan,0,3,1,urban_informal,female,3
24812.0,informal_business,not_orphan,0,3,1,urban_informal,male,5
20606.0,informal_business,not_orphan,0,3,1,rural_high_poverty,male,3
6175.0,unemployed,not_orphan,0,3,1,rural_high_poverty,male,2
25479.0,formal_employment,not_orphan,1,3,1,urban_informal,male,2
2994.0,deceased_one,single_orphan,0,3,1,urban_informal,female,1
1376.0,deceased_one,single_orphan,0,3,1,urban_informal,female,1
16024.0,informal_business,not_orphan,0,3,1,rural_high_poverty,male,3
8711.0,informal_business,not_orphan,0,3,1,rural_high_poverty,male,2
60853.0,formal_employment,not_orphan,0,3,1,urban_formal,male,5
37532.0,formal_employment,not_orphan,0,3,1,rural_low_poverty,female,5
1539.0,unemployed,not_orphan,0,3,1,rural_low_poverty,male,1
16903.0,informal_business,not_orphan,0,3,1,urban_formal,male,5
46060.0,formal_employment,not_orphan,0,3,1,rural_high_poverty,female,5
34261.0,formal_employment,not_orphan,0,3,1,rural_high_poverty,female,4
40946.0,formal_employment,not_orphan,0,3,1,urban_informal,female,4
5206.0,unemployed,not_orphan,0,3,1,urban_informal,male,2
6168.0,deceased_one,single_orphan,0,3,1,rural_low_poverty,female,2
12372.0,informal_business,not_orphan,0,3,1,urban_informal,female,2
53217.0,formal_employment,not_orphan,0,3,1,urban_formal,male,5
20007.0,formal_employment,not_orphan,0,3,1,urban_formal,male,5
30306.0,formal_employment,not_orphan,0,3,1,rural_high_poverty,male,5
28093.0,formal_employment,not_orphan,0,3,1,urban_informal,male,4
14929.0,informal_business,not_orphan,0,3,1,rural_high_poverty,male,3
20259.0,informal_business,not_orphan,0,3,1,rural_low_poverty,male,4
4457.0,unemployed,not_orphan,0,3,1,urban_informal,female,2
5670.0,unemployed,not_orphan,1,3,1,rural_low_poverty,female,1
15565.0,informal_business,not_orphan,0,3,1,urban_informal,male,3
34807.0,formal_employment,not_orphan,0,3,1,rural_high_poverty,male,4
22647.0,informal_business,not_orphan,0,3,1,urban_informal,male,3
1987.0,unemployed,not_orphan,0,3,1,rural_low_poverty,male,1
5318.0,deceased_one,single_orphan,0,3,1,rural_low_poverty,male,2
45481.0,formal_employment,not_orphan,0,3,1,rural_high_poverty,female,3
54539.0,formal_employment,not_orphan,0,3,1,rural_low_poverty,female,5
55506.0,formal_employment,not_orphan,0,3,1,urban_formal,male,5
27243.0,formal_employment,not_orphan,0,3,1,rural_high_poverty,female,4
8926.0,deceased_one,single_orphan,0,3,1,urban_formal,male,1
62355.0,formal_employment,not_orphan,0,3,1,urban_formal,female,5
34855.0,formal_employment,not_orphan,0,3,1,urban_formal,female,4
13849.0,deceased_one,single_orphan,0,3,1,urban_informal,female,2
22516.0,informal_business,not_orphan,1,3,1,urban_informal,female,2
24072.0,formal_employment,not_orphan,0,3,1,rural_low_poverty,female,5
77765.0,formal_employment,not_orphan,0,3,1,urban_informal,female,5
14670.0,informal_business,not_orphan,0,3,1,urban_formal,male,4
11135.0,deceased_one,single_orphan,0,3,1,urban_informal,male,1
500.0,deceased_both,double_orphan,0,3,1,urban_informal,female,1
4452.0,unemployed,not_orphan,0,3,1,urban_formal,male,3
3436.0,informal_business,not_orphan,0,3,1,rural_low_poverty,male,1
1714.0,unemployed,not_orphan,0,3,1,rural_high_poverty,male,1
11175.0,informal_business,not_orphan,0,3,1,urban_formal,female,2
17887.0,informal_business,not_orphan,0,3,1,rural_low_poverty,female,4
27277.0,informal_business,not_orphan,0,3,1,rural_low_poverty,female,5
19029.0,informal_business,not_orphan,0,3,1,rural_low_poverty,male,5
5089.0,informal_business,not_orphan,0,3,1,urban_informal,female,3
9293.0,unemployed,not_orphan,0,3,1,rural_high_poverty,male,3
2511.0,unemployed,not_orphan,0,3,1,rural_high_poverty,female,1
2441.0,deceased_both,double_orphan,0,3,1,rural_high_poverty,female,1
57459.0,formal_employment,not_orphan,0,3,1,urban_informal,female,5
11090.0,deceased_one,single_orphan,0,3,1,rural_low_poverty,female,1
4014.0,unemployed,not_orphan,0,3,1,urban_formal,female,2
31467.0,informal_business,not_orphan,0,3,1,urban_formal,female,5
19867.0,informal_business,not_orphan,0,3,1,urban_formal,female,4
4971.0,unemployed,not_orphan,0,3,1,rural_high_poverty,female,1
500.0,informal_business,not_orphan,0,3,1,rural_high_poverty,male,1
8975.0,unemployed,not_orphan,0,3,1,urban_formal,female,3
4026.0,deceased_one,single_orphan,0,3,1,urban_informal,male,1
8783.0,informal_business,not_orphan,0,3,1,rural_low_poverty,male,2
27576.0,informal_business,not_orphan,0,3,1,rural_low_poverty,female,3
38634.0,formal_employment,not_orphan,0,3,1,rural_high_poverty,male,4
36883.0,formal_employment,not_orphan,0,3,1,urban_formal,male,5
33433.0,formal_employment,not_orphan,0,3,1,rural_high_poverty,male,4
16147.0,informal_business,not_orphan,1,3,1,urban_formal,female,3
33003.0,formal_employment,not_orphan,0,3,1,rural_low_poverty,male,5
26045.0,informal_business,not_orphan,0,3,1,urban_informal,male,4
31320.0,formal_employment,not_orphan,0,3,1,rural_high_poverty,male,3
17667.0,informal_business,not_orphan,0,3,1,urban_informal,female,2
29587.0,formal_employment,not_orphan,0,3,1,rural_low_poverty,female,3
549.0,deceased_both,double_orphan,0,3,1,urban_informal,female,1
2894.0,unemployed,not_orphan,0,3,1,rural_high_poverty,male,1
3267.0,unemployed,not_orphan,1,3,1,urban_formal,female,1
51239.0,formal_employment,not_orphan,0,3,1,urban_formal,female,5
4683.0,deceased_both,double_orphan,0,3,1,rural_high_poverty,male,1
33668.0,informal_business,not_orphan,0,3,1,rural_high_poverty,male,4
12467.0,informal_business,not_orphan,0,3,1,urban_informal,female,2
8149.0,unemployed,not_orphan,0,3,1,rural_low_poverty,male,2
35163.0,formal_employment,not_orphan,0,3,1,urban_informal,female,4
8130.0,unemployed,not_orphan,0,3,1,urban_formal,female,2
16991.0,informal_business,not_orphan,0,3,1,urban_informal,female,4
37612.0,formal_employment,not_orphan,0,3,1,urban_informal,female,3
52670.0,formal_employment,not_orphan,0,3,1,urban_formal,male,5
6516.0,informal_business,not_orphan,0,3,1,urban_informal,female,2
23725.0,formal_employment,not_orphan,0,3,1,rural_low_poverty,female,4
500.0,deceased_one,single_orphan,0,3,1,rural_high_poverty,female,1
5401.0,deceased_both,double_orphan,0,3,1,rural_high_poverty,female,1
9336.0,unemployed,not_orphan,0,3,1,urban_informal,female,2
16556.0,informal_business,not_orphan,0,3,1,rural_high_poverty,female,2
26856.0,informal_business,not_orphan,0,3,1,rural_high_poverty,female,5
18651.0,informal_business,not_orphan,0,3,1,urban_informal,female,4
34604.0,formal_employment,not_orphan,0,3,1,urban_formal,male,5
1767.0,deceased_both,double_orphan,0,3,1,rural_high_poverty,male,1
2959.0,deceased_one,single_orphan,0,3,1,urban_formal,female,1
51857.0,formal_employment,not_orphan,0,3,1,urban_formal,male,5
3453.0,deceased_both,double_orphan,0,3,1,rural_low_poverty,male,1
20815.0,informal_business,not_orphan,0,3,1,rural_low_poverty,female,4
21055.0,formal_employment,not_orphan,1,3,1,rural_high_poverty,male,1
21752.0,informal_business,not_orphan,1,3,1,urban_formal,female,3
30750.0,formal_employment,not_orphan,0,3,1,urban_formal,male,5
13789.0,informal_business,not_orphan,0,3,1,urban_formal,female,5
500.0,unemployed,not_orphan,0,3,1,rural_high_poverty,male,1
23761.0,informal_business,not_orphan,0,3,1,urban_formal,male,4
18968.0,informal_business,not_orphan,0,3,1,rural_low_poverty,female,3
20951.0,informal_business,not_orphan,0,3,1,urban_informal,male,4
12149.0,deceased_one,single_orphan,0,3,1,rural_high_poverty,female,1
9727.0,unemployed,not_orphan,1,3,1,rural_low_poverty,male,2
39971.0,formal_employment,not_orphan,0,3,1,rural_low_poverty,male,5
7754.0,unemployed,not_orphan,0,3,1,rural_high_poverty,female,2
15930.0,informal_business,not_orphan,0,3,1,urban_informal,male,3
39723.0,formal_employment,not_orphan,0,3,1,rural_low_poverty,male,5
48459.0,formal_employment,not_orphan,0,3,1,urban_informal,male,5
48207.0,formal_employment,not_orphan,0,3,1,rural_low_poverty,male,4
5861.0,unemployed,not_orphan,0,3,1,urban_formal,male,3
15863.0,informal_business,not_orphan,0,3,1,urban_informal,male,4
24370.0,informal_business,not_orphan,0,3,1,urban_formal,male,5
2336.0,informal_business,not_orphan,0,3,1,rural_high_poverty,male,1
69637.0,formal_employment,not_orphan,0,3,1,urban_formal,female,4
16565.0,informal_business,not_orphan,0,3,1,urban_formal,female,5
5860.0,deceased_one,single_orphan,0,3,1,urban_informal,female,1
4639.0,deceased_one,single_orphan,0,3,1,rural_high_poverty,female,1
24332.0,formal_employment,not_orphan,0,3,1,urban_informal,female,4
55516.0,formal_employment,not_orphan,0,3,1,rural_high_poverty,female,3
29846.0,formal_employment,not_orphan,0,3,1,rural_high_poverty,female,3
14641.0,informal_business,not_orphan,0,3,1,urban_informal,male,3
7024.0,unemployed,not_orphan,0,3,1,rural_low_poverty,male,2
68950.0,formal_employment,not_orphan,0,3,1,urban_formal,male,5
5132.0,unemployed,not_orphan,1,3,1,urban_formal,female,2
4405.0,unemployed,not_orphan,0,3,1,rural_high_poverty,male,1
47952.0,formal_employment,not_orphan,0,3,1,rural_high_poverty,female,5
2752.0,deceased_both,double_orphan,0,3,1,urban_informal,female,1
6312.0,unemployed,not_orphan,0,3,1,rural_low_poverty,male,2
3871.0,unemployed,not_orphan,0,3,1,urban_formal,male,2
20654.0,informal_business,not_orphan,0,3,1,urban_formal,male,3
14592.0,informal_business,not_orphan,0,3,1,urban_formal,female,4
63227.0,formal_employment,not_orphan,1,3,1,urban_informal,female,3
6186.0,unemployed,not_orphan,0,3,1,rural_high_poverty,female,1
9353.0,deceased_one,single_orphan,0,3,1,rural_low_poverty,female,1
44659.0,formal_employment,not_orphan,0,3,1,rural_high_poverty,female,4
14084.0,informal_business,not_orphan,0,3,1,urban_informal,male,4
6320.0,informal_business,not_orphan,0,3,1,rural_high_poverty,female,2
4888.0,deceased_one,single_orphan,0,3,1,rural_low_poverty,male,1
49793.0,formal_employment,not_orphan,0,3,1,rural_high_poverty,female,4
9983.0,informal_business,not_orphan,0,3,1,rural_high_poverty,female,2
9741.0,unemployed,not_orphan,0,3,1,urban_formal,male,4
18265.0,informal_business,not_orphan,0,3,1,rural_high_poverty,female,3
32439.0,formal_employment,not_orphan,0,3,1,urban_informal,female,4
5913.0,unemployed,not_orphan,0,3,1,rural_low_poverty,female,3
80195.0,formal_employment,not_orphan,0,3,1,urban_informal,female,4
56860.0,formal_employment,not_orphan,0,3,1,urban_formal,male,5
6397.0,deceased_both,double_orphan,0,3,1,rural_low_poverty,female,1
18016.0,informal_business,not_orphan,0,3,1,rural_low_poverty,male,3
15690.0,informal_business,not_orphan,0,3,1,urban_formal,male,5
21620.0,informal_business,not_orphan,1,3,1,rural_low_poverty,female,2
12569.0,informal_business,not_orphan,0,3,1,urban_formal,female,4
1582.0,unemployed,not_orphan,0,3,1,urban_formal,female,1
3256.0,informal_business,not_orphan,0,3,1,rural_high_poverty,female,2
26254.0,informal_business,not_orphan,0,3,1,rural_high_poverty,male,5
19657.0,informal_business,not_orphan,0,3,1,urban_formal,male,5
10293.0,formal_employment,not_orphan,0,3,1,urban_informal,male,2
11183.0,deceased_one,single_orphan,0,3,1,rural_low_poverty,male,2
500.0,deceased_both,double_orphan,0,3,1,rural_high_poverty,female,1
27829.0,formal_employment,not_orphan,0,3,1,rural_high_poverty,male,2
74843.0,formal_employment,not_orphan,0,3,1,urban_formal,male,5
10881.0,informal_business,not_orphan,0,3,1,urban_informal,male,2
4561.0,deceased_both,double_orphan,1,3,1,rural_low_poverty,female,1
11832.0,informal_business,not_orphan,0,3,1,rural_high_poverty,female,2
19507.0,informal_business,not_orphan,0,3,1,urban_informal,female,4
63832.0,formal_employment,not_orphan,0,3,1,rural_low_poverty,female,5
2739.0,deceased_both,double_orphan,0,3,1,urban_informal,male,1
19253.0,informal_business,not_orphan,0,3,1,rural_low_poverty,female,3
7850.0,deceased_one,single_orphan,0,3,1,rural_high_poverty,female,1
2811.0,deceased_one,single_orphan,0,3,1,rural_low_poverty,female,1
19230.0,informal_business,not_orphan,0,3,1,urban_informal,male,4
46143.0,formal_employment,not_orphan,0,3,1,urban_informal,male,4
68539.0,formal_employment,not_orphan,0,3,1,rural_high_poverty,male,3
36692.0,formal_employment,not_orphan,0,3,1,rural_high_poverty,male,5
4185.0,deceased_both,double_orphan,0,3,1,rural_low_poverty,male,1
23627.0,informal_business,not_orphan,0,3,1,urban_formal,female,5
7387.0,informal_business,not_orphan,0,3,1,rural_low_poverty,male,3
42174.0,formal_employment,not_orphan,0,3,1,urban_formal,female,5
16590.0,informal_business,not_orphan,0,3,1,rural_high_poverty,male,2
22120.0,informal_business,not_orphan,0,3,1,rural_low_poverty,male,5
16426.0,informal_business,not_orphan,0,3,1,urban_formal,female,5
7016.0,deceased_one,single_orphan,0,3,1,urban_formal,male,2
50300.0,formal_employment,not_orphan,0,3,1,rural_high_poverty,female,4
23221.0,informal_business,not_orphan,0,3,1,rural_low_poverty,male,4
3224.0,unemployed,not_orphan,0,3,1,rural_high_poverty,female,2
40814.0,formal_employment,not_orphan,0,3,1,rural_low_poverty,female,5
4114.0,deceased_both,double_orphan,0,3,1,urban_formal,male,1
12467.0,informal_business,not_orphan,0,3,1,urban_informal,male,3
21657.0,informal_business,not_orphan,0,3,1,rural_low_poverty,male,3
54454.0,formal_employment,not_orphan,0,3,1,rural_low_poverty,female,5
7218.0,informal_business,not_orphan,0,3,1,urban_formal,female,2
70780.0,formal_employment,not_orphan,0,3,1,urban_informal,male,5
9427.0,unemployed,not_orphan,0,3,1,urban_formal,female,4
65399.0,formal_employment,not_orphan,1,3,1,urban_formal,female,4
70244.0,formal_employment,not_orphan,0,3,1,urban_formal,male,5
16923.0,informal_business,not_orphan,0,3,1,rural_high_poverty,male,3
25891.0,informal_business,not_orphan,0,3,1,rural_low_poverty,male,4
40109.0,formal_employment,not_orphan,0,3,1,urban_formal,male,5
22938.0,formal_employment,not_orphan,0,3,1,rural_low_poverty,male,4
21500.0,informal_business,not_orphan,0,3,1,urban_formal,male,4
8646.0,deceased_one,single_orphan,0,3,1,rural_low_poverty,female,1
8362.0,deceased_one,single_orphan,0,3,1,urban_formal,female,2
3020.0,unemployed,not_orphan,0,3,1,rural_high_poverty,male,2
33625.0,formal_employment,not_orphan,0,3,1,urban_informal,male,4
14187.0,informal_business,not_orphan,0,3,1,rural_low_poverty,female,4
50625.0,formal_employment,not_orphan,0,3,1,urban_formal,female,5
5772.0,informal_business,not_orphan,0,3,1,urban_informal,male,2
2915.0,deceased_both,double_orphan,0,3,1,urban_formal,female,1
6138.0,deceased_one,single_orphan,0,3,1,urban_informal,female,1
7752.0,unemployed,not_orphan,0,3,1,urban_formal,female,4
7952.0,informal_business,not_orphan,0,3,1,rural_high_poverty,female,2
17866.0,informal_business,not_orphan,0,3,1,urban_informal,male,4
18830.0,informal_business,not_orphan,0,3,1,urban_formal,female,4
13374.0,informal_business,not_orphan,0,3,1,rural_high_poverty,female,2
20650.0,informal_business,not_orphan,0,3,1,urban_informal,male,5
21775.0,informal_business,not_orphan,0,3,1,rural_low_poverty,male,5
24896.0,informal_business,not_orphan,0,3,1,urban_informal,female,5
27925.0,informal_business,not_orphan,0,3,1,rural_high_poverty,male,4
68000.0,formal_employment,not_orphan,0,3,1,rural_low_poverty,male,5
727.0,deceased_both,double_orphan,0,3,1,urban_informal,male,1
500.0,informal_business,not_orphan,0,3,1,rural_high_poverty,male,1
14571.0,informal_business,not_orphan,0,3,1,urban_informal,female,3
38679.0,formal_employment,not_orphan,1,3,1,rural_high_poverty,male,2
53733.0,formal_employment,not_orphan,0,3,1,rural_high_poverty,female,4
53635.0,formal_employment,not_orphan,0,3,1,urban_informal,female,4
9522.0,deceased_one,single_orphan,0,3,1,urban_informal,female,1
33271.0,formal_employment,not_orphan,0,3,1,urban_informal,male,4
8162.0,informal_business,not_orphan,0,3,1,rural_high_poverty,male,2
18725.0,informal_business,not_orphan,0,3,1,urban_informal,female,4
36691.0,informal_business,not_orphan,0,3,1,urban_formal,female,5
45786.0,formal_employment,not_orphan,0,3,1,urban_formal,male,5
21655.0,formal_employment,not_orphan,0,3,1,urban_informal,female,4
20455.0,informal_business,not_orphan,0,3,1,rural_high_poverty,female,3
20569.0,informal_business,not_orphan,0,3,1,urban_formal,male,3
40822.0,formal_employment,not_orphan,0,3,1,rural_high_poverty,male,3
67369.0,formal_employment,not_orphan,0,3,1,urban_formal,female,5
43899.0,formal_employment,not_orphan,0,3,1,rural_low_poverty,female,4
8616.0,formal_employment,not_orphan,0,3,1,urban_informal,female,3
3470.0,deceased_one,single_orphan,0,3,1,rural_high_poverty,male,1
14908.0,informal_business,not_orphan,0,3,1,rural_high_poverty,male,2
24565.0,informal_business,not_orphan,0,3,1,urban_informal,male,4
5625.0,deceased_one,single_orphan,0,3,1,rural_low_poverty,female,1
22405.0,informal_business,not_orphan,0,3,1,rural_low_poverty,male,3
25870.0,informal_business,not_orphan,0,3,1,urban_informal,male,2
28450.0,informal_business,not_orphan,0,3,1,urban_informal,female,5
10856.0,informal_business,not_orphan,0,3,1,rural_high_poverty,female,2
21331.0,informal_business,not_orphan,0,3,1,urban_formal,male,4
8164.0,deceased_one,single_orphan,0,3,1,rural_low_poverty,male,2
7668.0,deceased_one,single_orphan,0,3,1,urban_formal,male,2
70961.0,formal_employment,not_orphan,0,3,1,urban_informal,male,5
4711.0,unemployed,not_orphan,1,3,1,urban_formal,female,1
58450.0,formal_employment,not_orphan,0,3,1,rural_high_poverty,male,5
5706.0,deceased_one,single_orphan,0,3,1,rural_low_poverty,female,1
9344.0,deceased_one,single_orphan,0,3,1,rural_high_poverty,male,1
5105.0,deceased_both,double_orphan,0,3,1,urban_informal,female,1
9591.0,unemployed,not_orphan,0,3,1,urban_formal,male,3
18722.0,informal_business,not_orphan,0,3,1,urban_formal,male,3
7607.0,deceased_one,single_orphan,0,3,1,urban_formal,female,2
53496.0,formal_employment,not_orphan,0,3,1,urban_informal,male,5
71785.0,formal_employment,not_orphan,0,3,1,urban_formal,male,5
16638.0,informal_business,not_orphan,0,3,1,urban_informal,female,2
60164.0,formal_employment,not_orphan,0,3,1,urban_informal,female,5
500.0,unemployed,not_orphan,0,3,1,rural_high_poverty,female,1
50941.0,formal_employment,not_orphan,1,3,1,urban_informal,male,2
63324.0,formal_employment,not_orphan,0,3,1,urban_formal,female,5
2666.0,deceased_one,single_orphan,0,3,1,rural_high_poverty,female,1
18236.0,informal_business,not_orphan,0,3,1,rural_low_poverty,male,4
69168.0,formal_employment,not_orphan,0,3,1,urban_formal,male,5
1912.0,deceased_one,single_orphan,0,3,1,urban_informal,male,1
35492.0,formal_employment,not_orphan,0,3,1,urban_informal,male,3
7514.0,informal_business,not_orphan,0,3,1,rural_low_poverty,female,3
13872.0,deceased_one,single_orphan,0,3,1,rural_high_poverty,male,2
6137.0,informal_business,not_orphan,0,3,1,urban_informal,female,3
5151.0,informal_business,not_orphan,0,3,1,urban_informal,male,1
63965.0,formal_employment,not_orphan,0,3,1,urban_formal,male,5
3464.0,deceased_both,double_orphan,0,3,1,urban_informal,male,1
26528.0,formal_employment,not_orphan,0,3,1,urban_informal,female,5
10142.0,deceased_one,single_orphan,0,3,1,urban_informal,male,2
24592.0,informal_business,not_orphan,1,3,1,rural_high_poverty,male,2
13804.0,informal_business,not_orphan,0,3,1,rural_low_poverty,male,3
26909.0,informal_business,not_orphan,0,3,1,urban_formal,female,5
31361.0,informal_business,not_orphan,0,3,1,rural_high_poverty,female,3
49111.0,formal_employment,not_orphan,0,3,1,urban_formal,female,5
585.0,unemployed,not_orphan,0,3,1,urban_formal,female,1
39425.0,formal_employment,not_orphan,0,3,1,rural_low_poverty,male,5
36822.0,informal_business,not_orphan,0,3,1,rural_low_poverty,female,4
2804.0,informal_business,not_orphan,0,3,1,urban_formal,female,2
45539.0,formal_employment,not_orphan,0,3,1,rural_high_poverty,male,3
1249.0,deceased_both,double_orphan,0,3,1,urban_informal,female,1
25317.0,informal_business,not_orphan,0,3,1,urban_informal,male,3
48822.0,formal_employment,not_orphan,0,3,1,urban_formal,male,5
4876.0,unemployed,not_orphan,0,3,1,rural_high_poverty,female,2
12987.0,informal_business,not_orphan,0,3,1,urban_informal,female,2
6900.0,deceased_one,single_orphan,0,3,1,urban_formal,female,2
69717.0,formal_employment,not_orphan,0,3,1,urban_formal,female,5
9576.0,unemployed,not_orphan,0,3,1,rural_low_poverty,female,3
8478.0,unemployed,not_orphan,0,3,1,rural_low_poverty,male,2
15603.0,informal_business,not_orphan,0,3,1,urban_formal,female,4
12752.0,informal_business,not_orphan,0,3,1,urban_informal,male,2
7159.0,deceased_one,single_orphan,0,3,1,rural_low_poverty,male,1
21856.0,informal_business,not_orphan,0,3,1,urban_formal,male,5
20394.0,formal_employment,not_orphan,0,3,1,rural_high_poverty,female,3
2920.0,unemployed,not_orphan,0,3,1,urban_informal,male,2
12582.0,informal_business,not_orphan,0,3,1,urban_informal,male,3
40442.0,formal_employment,not_orphan,0,3,1,urban_formal,male,4
13778.0,informal_business,not_orphan,0,3,1,urban_formal,female,5
5385.0,unemployed,not_orphan,0,3,1,rural_high_poverty,female,1
18260.0,formal_employment,not_orphan,0,3,1,rural_high_poverty,female,4
1590.0,unemployed,not_orphan,0,3,1,rural_low_poverty,female,1
25575.0,informal_business,not_orphan,0,3,1,rural_low_poverty,female,5
31201.0,formal_employment,not_orphan,0,3,1,rural_high_poverty,male,3
9715.0,informal_business,not_orphan,0,3,1,rural_high_poverty,female,2
1531.0,deceased_both,double_orphan,0,3,1,urban_informal,female,1
18034.0,informal_business,not_orphan,0,3,1,rural_high_poverty,male,2
24376.0,informal_business,not_orphan,0,3,1,urban_formal,female,5
71028.0,formal_employment,not_orphan,0,3,1,urban_informal,female,4
17844.0,informal_business,not_orphan,0,3,1,rural_high_poverty,female,3
11531.0,formal_employment,not_orphan,0,3,1,urban_informal,female,2
14418.0,informal_business,not_orphan,0,3,1,rural_high_poverty,female,2
500.0,deceased_both,double_orphan,0,3,1,rural_high_poverty,female,1
39264.0,formal_employment,not_orphan,0,3,1,rural_high_poverty,male,4
5372.0,unemployed,not_orphan,0,3,1,urban_formal,male,2
28336.0,formal_employment,not_orphan,0,3,1,urban_formal,female,5
67054.0,formal_employment,not_orphan,0,3,1,urban_informal,female,5
19843.0,informal_business,not_orphan,0,3,1,rural_high_poverty,female,4
62324.0,formal_employment,not_orphan,0,3,1,rural_high_poverty,male,5
922.0,unemployed,not_orphan,0,3,1,rural_high_poverty,female,1
28285.0,informal_business,not_orphan,0,3,1,urban_formal,female,5
7756.0,deceased_one,single_orphan,0,3,1,rural_high_poverty,male,1
7587.0,unemployed,not_orphan,0,3,1,urban_informal,male,3
56772.0,formal_employment,not_orphan,0,3,1,urban_informal,female,5
18670.0,informal_business,not_orphan,0,3,1,urban_formal,male,4
5237.0,deceased_one,single_orphan,0,3,1,urban_formal,female,1
19286.0,informal_business,not_orphan,0,3,1,rural_high_poverty,female,2
6485.0,unemployed,not_orphan,0,3,1,urban_formal,male,5
24324.0,formal_employment,not_orphan,0,3,1,rural_low_poverty,female,4
19479.0,formal_employment,not_orphan,0,3,1,urban_informal,male,5
97465.0,formal_employment,not_orphan,0,3,1,urban_formal,male,5
33641.0,formal_employment,not_orphan,0,3,1,rural_high_poverty,female,2
5470.0,informal_business,not_orphan,0,3,1,rural_high_poverty,female,2
6361.0,informal_business,not_orphan,0,3,1,rural_high_poverty,female,2
27643.0,formal_employment,not_orphan,0,3,1,urban_informal,male,5
7813.0,deceased_one,single_orphan,0,3,1,urban_informal,female,2
9315.0,informal_business,not_orphan,0,3,1,urban_informal,female,2
53563.0,formal_employment,not_orphan,0,3,1,rural_low_poverty,male,5
12506.0,informal_business,not_orphan,0,3,1,urban_informal,male,3
17585.0,formal_employment,not_orphan,0,3,1,rural_low_poverty,female,4
8138.0,unemployed,not_orphan,0,3,1,urban_informal,female,1
9910.0,deceased_one,single_orphan,0,3,1,urban_informal,female,1
20049.0,informal_business,not_orphan,0,3,1,rural_low_poverty,female,3
11404.0,deceased_one,single_orphan,0,3,1,urban_informal,female,2
13436.0,informal_business,not_orphan,0,3,1,rural_high_poverty,female,3
18332.0,informal_business,not_orphan,0,3,1,rural_high_poverty,female,2
1349.0,deceased_one,single_orphan,0,3,1,urban_informal,male,1
24030.0,formal_employment,not_orphan,0,3,1,urban_formal,female,4
26590.0,informal_business,not_orphan,0,3,1,urban_formal,male,5
834.0,deceased_both,double_orphan,0,3,1,rural_low_poverty,male,1
3066.0,deceased_both,double_orphan,0,3,1,urban_informal,female,1
61338.0,formal_employment,not_orphan,0,3,1,urban_informal,female,4
12561.0,informal_business,not_orphan,0,3,1,rural_high_poverty,female,3
9325.0,informal_business,not_orphan,0,3,1,urban_informal,male,2
2006.0,deceased_both,double_orphan,0,3,1,rural_low_poverty,male,1
51887.0,formal_employment,not_orphan,0,3,1,urban_informal,female,4
29861.0,informal_business,not_orphan,0,3,1,urban_formal,female,5
11166.0,deceased_one,single_orphan,0,3,1,urban_formal,male,2
11947.0,informal_business,not_orphan,0,3,1,urban_formal,female,4
26744.0,informal_business,not_orphan,0,3,1,urban_informal,female,4
22773.0,formal_employment,not_orphan,0,3,1,rural_low_poverty,female,4
17814.0,informal_business,not_orphan,0,3,1,urban_formal,male,5
11694.0,informal_business,not_orphan,0,3,1,rural_high_poverty,female,3
1781.0,unemployed,not_orphan,0,3,1,rural_high_poverty,female,1
3819.0,informal_business,not_orphan,0,3,1,urban_formal,male,2
1773.0,informal_business,not_orphan,0,3,1,rural_high_poverty,male,1
19553.0,informal_business,not_orphan,0,3,1,urban_formal,female,4
32445.0,formal_employment,not_orphan,0,3,1,urban_informal,male,5
65498.0,formal_employment,not_orphan,0,3,1,rural_low_poverty,male,4
1793.0,deceased_both,double_orphan,0,3,1,urban_informal,male,1
33311.0,formal_employment,not_orphan,0,3,1,rural_low_poverty,female,4
19539.0,informal_business,not_orphan,0,3,1,rural_low_poverty,female,3
19207.0,formal_employment,not_orphan,0,3,1,urban_informal,female,2
23980.0,informal_business,not_orphan,0,3,1,rural_high_poverty,female,4
19239.0,informal_business,not_orphan,0,3,1,rural_low_poverty,female,3
29164.0,informal_business,not_orphan,0,3,1,rural_high_poverty,female,3
24847.0,formal_employment,not_orphan,0,3,1,rural_low_poverty,female,5
4123.0,informal_business,not_orphan,0,3,1,urban_informal,female,2
710.0,deceased_one,single_orphan,0,3,1,urban_informal,male,1
21556.0,informal_business,not_orphan,0,3,1,urban_informal,male,3
34015.0,formal_employment,not_orphan,0,3,1,rural_high_poverty,male,4
25505.0,informal_business,not_orphan,0,3,1,urban_formal,female,4
8005.0,informal_business,not_orphan,0,3,1,rural_high_poverty,female,2
6872.0,informal_business,not_orphan,0,3,1,urban_informal,male,1
26466.0,formal_employment,not_orphan,0,3,1,rural_high_poverty,female,4
5090.0,deceased_one,single_orphan,0,3,1,rural_high_poverty,male,1
23528.0,informal_business,not_orphan,0,3,1,urban_formal,male,5
11074.0,unemployed,not_orphan,0,3,1,rural_low_poverty,male,4
22282.0,informal_business,not_orphan,0,3,1,rural_high_poverty,male,3
72778.0,formal_employment,not_orphan,0,3,1,urban_formal,male,5
13960.0,informal_business,not_orphan,0,3,1,rural_low_poverty,male,3
11277.0,informal_business,not_orphan,0,3,1,rural_low_poverty,female,2
11147.0,informal_business,not_orphan,0,3,1,urban_formal,female,3
17133.0,informal_business,not_orphan,0,3,1,urban_formal,male,4
4365.0,deceased_one,single_orphan,0,3,1,urban_formal,female,1
62943.0,formal_employment,not_orphan,0,3,1,rural_high_poverty,female,4
8517.0,deceased_one,single_orphan,0,3,1,urban_informal,female,1
22257.0,formal_employment,not_orphan,0,3,1,urban_formal,male,3
10389.0,informal_business,not_orphan,0,3,1,rural_high_poverty,male,2
74002.0,formal_employment,not_orphan,0,3,1,rural_low_poverty,female,5
19334.0,informal_business,not_orphan,0,3,1,rural_low_poverty,female,4
4218.0,deceased_both,double_orphan,0,3,1,urban_formal,male,1
17915.0,informal_business,not_orphan,0,3,1,rural_high_poverty,male,3
40722.0,formal_employment,not_orphan,0,3,1,rural_low_poverty,male,4
500.0,informal_business,not_orphan,0,3,1,rural_high_poverty,male,1
38115.0,formal_employment,not_orphan,0,3,1,urban_informal,male,4
500.0,unemployed,not_orphan,0,3,1,urban_formal,male,1
20658.0,informal_business,not_orphan,0,3,1,rural_high_poverty,male,2
5890.0,unemployed,not_orphan,0,3,1,urban_formal,male,3
21031.0,informal_business,not_orphan,0,3,1,urban_formal,male,4
11428.0,deceased_one,single_orphan,0,3,1,rural_high_poverty,male,2
51865.0,formal_employment,not_orphan,0,3,1,urban_informal,female,5
34263.0,formal_employment,not_orphan,0,3,1,urban_formal,female,5
55480.0,formal_employment,not_orphan,1,3,1,urban_informal,female,4
5215.0,deceased_one,single_orphan,0,3,1,rural_high_poverty,male,1
31674.0,informal_business,not_orphan,0,3,1,rural_high_poverty,male,3
3616.0,deceased_one,single_orphan,0,3,1,rural_high_poverty,female,1
43109.0,formal_employment,not_orphan,1,3,1,rural_high_poverty,male,2
3244.0,unemployed,not_orphan,0,3,1,urban_informal,female,1
49934.0,formal_employment,not_orphan,0,3,1,urban_formal,female,5
56850.0,formal_employment,not_orphan,0,3,1,urban_formal,female,5
25220.0,informal_business,not_orphan,0,3,1,urban_formal,male,5
10726.0,informal_business,not_orphan,0,3,1,urban_formal,male,3
3766.0,unemployed,not_orphan,0,3,1,urban_formal,female,2
50181.0,formal_employment,not_orphan,0,3,1,rural_high_poverty,male,5
7819.0,deceased_one,single_orphan,0,3,1,rural_low_poverty,male,1
2655.0,deceased_both,double_orphan,0,3,1,urban_formal,female,1
16970.0,formal_employment,not_orphan,1,3,1,rural_high_poverty,male,1
11379.0,deceased_one,single_orphan,0,3,1,urban_formal,male,2
9093.0,informal_business,not_orphan,0,3,1,urban_formal,female,3
26638.0,informal_business,not_orphan,0,3,1,urban_informal,male,3
21934.0,formal_employment,not_orphan,0,3,1,urban_formal,male,5
5406.0,deceased_both,double_orphan,0,3,1,urban_informal,female,1
37883.0,formal_employment,not_orphan,0,3,1,urban_informal,male,3
2636.0,unemployed,not_orphan,0,3,1,urban_informal,female,2
7561.0,unemployed,not_orphan,0,3,1,urban_informal,male,3
3006.0,unemployed,not_orphan,0,3,1,rural_low_poverty,female,2
20659.0,informal_business,not_orphan,0,3,1,urban_informal,male,4
20148.0,informal_business,not_orphan,0,3,1,rural_low_poverty,female,4
13717.0,informal_business,not_orphan,0,3,1,rural_high_poverty,male,3
11922.0,informal_business,not_orphan,0,3,1,urban_informal,male,3
16693.0,informal_business,not_orphan,0,3,1,urban_informal,female,4
500.0,deceased_both,double_orphan,0,3,1,urban_formal,male,1
50944.0,formal_employment,not_orphan,1,3,1,urban_formal,female,4
26915.0,informal_business,not_orphan,0,3,1,urban_formal,female,5
1020.0,deceased_both,double_orphan,0,3,1,rural_low_poverty,male,1
17094.0,informal_business,not_orphan,0,3,1,rural_high_poverty,female,3
20026.0,informal_business,not_orphan,0,3,1,urban_formal,female,4
3282.0,deceased_one,single_orphan,0,3,1,rural_low_poverty,female,1
54954.0,formal_employment,not_orphan,0,3,1,urban_formal,female,5
99733.0,formal_employment,not_orphan,0,3,1,rural_high_poverty,female,5
982.0,deceased_both,double_orphan,0,3,1,urban_formal,female,1
29960.0,formal_employment,not_orphan,0,3,1,rural_low_poverty,female,4
8867.0,unemployed,not_orphan,0,3,1,rural_high_poverty,male,3
29643.0,informal_business,not_orphan,0,3,1,rural_high_poverty,female,3
28097.0,informal_business,not_orphan,0,3,1,urban_formal,female,4
45997.0,formal_employment,not_orphan,0,3,1,urban_informal,female,4
50913.0,formal_employment,not_orphan,0,3,1,urban_formal,female,5
44668.0,formal_employment,not_orphan,0,3,1,rural_low_poverty,female,5
21667.0,informal_business,not_orphan,0,3,1,urban_informal,female,4
1822.0,unemployed,not_orphan,0,3,1,rural_high_poverty,female,2
40980.0,formal_employment,not_orphan,0,3,1,rural_low_poverty,male,4
23712.0,formal_employment,not_orphan,0,3,1,urban_formal,male,3
19649.0,informal_business,not_orphan,0,3,1,rural_low_poverty,female,3
1493.0,informal_business,not_orphan,0,3,1,urban_informal,male,1
9314.0,deceased_one,single_orphan,0,3,1,rural_low_poverty,male,1
5205.0,deceased_one,single_orphan,0,3,1,urban_formal,male,1
3342.0,unemployed,not_orphan,0,3,1,rural_high_poverty,female,1
36685.0,informal_business,not_orphan,0,3,1,rural_low_poverty,male,4
10493.0,informal_business,not_orphan,0,3,1,urban_informal,female,3
13847.0,informal_business,not_orphan,1,3,1,urban_formal,male,2
6779.0,unemployed,not_orphan,0,3,1,urban_formal,male,3
16392.0,informal_business,not_orphan,0,3,1,rural_high_poverty,female,4
56093.0,formal_employment,not_orphan,0,3,1,rural_high_poverty,male,5
21444.0,informal_business,not_orphan,0,3,1,urban_informal,male,3
49931.0,formal_employment,not_orphan,0,3,1,rural_high_poverty,female,3
64994.0,formal_employment,not_orphan,0,3,1,rural_high_poverty,male,3
42754.0,formal_employment,not_orphan,0,3,1,urban_formal,female,5
16769.0,informal_business,not_orphan,1,3,1,rural_low_poverty,male,2
64369.0,formal_employment,not_orphan,0,3,1,urban_formal,male,5
6076.0,unemployed,not_orphan,0,3,1,urban_formal,female,3
30759.0,formal_employment,not_orphan,0,3,1,rural_low_poverty,female,4
500.0,informal_business,not_orphan,0,3,1,urban_informal,female,1
60823.0,formal_employment,not_orphan,0,3,1,urban_formal,female,5
16149.0,informal_business,not_orphan,1,3,1,rural_high_poverty,female,2
1747.0,unemployed,not_orphan,0,3,1,rural_high_poverty,male,1
43222.0,formal_employment,not_orphan,0,3,1,rural_high_poverty,male,4
11089.0,deceased_one,single_orphan,0,3,1,rural_high_poverty,female,2
28749.0,formal_employment,not_orphan,0,3,1,urban_informal,male,5
47780.0,formal_employment,not_orphan,1,3,1,rural_high_poverty,female,4
1387.0,deceased_both,double_orphan,0,3,1,urban_informal,male,1
18557.0,informal_business,not_orphan,1,3,1,urban_formal,female,3
32118.0,formal_employment,not_orphan,0,3,1,rural_low_poverty,female,4
4907.0,deceased_one,single_orphan,0,3,1,rural_high_poverty,male,1
18485.0,informal_business,not_orphan,0,3,1,rural_high_poverty,male,2
5320.0,unemployed,not_orphan,0,3,1,rural_low_poverty,male,2
8912.0,deceased_one,single_orphan,0,3,1,urban_informal,male,1
20477.0,informal_business,not_orphan,0,3,1,rural_low_poverty,male,3
4374.0,deceased_both,double_orphan,0,3,1,urban_formal,female,1
27824.0,informal_business,not_orphan,0,3,1,rural_low_poverty,male,4
44224.0,formal_employment,not_orphan,0,3,1,rural_high_poverty,male,3
21173.0,informal_business,not_orphan,0,3,1,rural_high_poverty,male,4
63496.0,formal_employment,not_orphan,0,3,1,urban_formal,female,5
55975.0,formal_employment,not_orphan,1,3,1,rural_low_poverty,male,3
6075.0,deceased_one,single_orphan,0,3,1,rural_high_poverty,male,1
8016.0,deceased_one,single_orphan,0,3,1,urban_formal,male,2
13601.0,informal_business,not_orphan,0,3,1,rural_high_poverty,male,3
12675.0,deceased_one,single_orphan,0,3,1,urban_formal,male,3
23549.0,informal_business,not_orphan,1,3,1,urban_formal,female,4
23294.0,informal_business,not_orphan,0,3,1,urban_formal,female,5
5173.0,deceased_one,single_orphan,0,3,1,rural_low_poverty,female,1
57999.0,formal_employment,not_orphan,0,3,1,urban_formal,female,5
27513.0,informal_business,not_orphan,0,3,1,urban_formal,female,4
1542.0,deceased_one,single_orphan,0,3,1,rural_high_poverty,male,1
19624.0,informal_business,not_orphan,0,3,1,urban_informal,male,4
12461.0,deceased_one,single_orphan,0,3,1,rural_high_poverty,female,2
2516.0,deceased_one,single_orphan,0,3,1,rural_high_poverty,female,1
1885.0,deceased_both,double_orphan,0,3,1,urban_formal,female,1
22776.0,informal_business,not_orphan,1,3,1,rural_high_poverty,female,1
89763.0,formal_employment,not_orphan,0,3,1,urban_formal,male,5
7711.0,deceased_one,single_orphan,0,3,1,urban_formal,female,2
8002.0,unemployed,not_orphan,0,3,1,urban_formal,male,4
3263.0,informal_business,not_orphan,0,3,1,rural_high_poverty,male,1
21493.0,formal_employment,not_orphan,0,3,1,rural_low_poverty,female,4
16365.0,informal_business,not_orphan,1,3,1,urban_informal,male,2
58062.0,formal_employment,not_orphan,0,3,1,urban_formal,male,5
12758.0,informal_business,not_orphan,0,3,1,rural_low_poverty,male,3
11730.0,deceased_one,single_orphan,0,3,1,urban_informal,female,1
2195.0,deceased_both,double_orphan,0,3,1,rural_high_poverty,male,1
500.0,deceased_one,single_orphan,0,3,1,urban_informal,male,1
3185.0,deceased_both,double_orphan,0,3,1,rural_high_poverty,female,1
52016.0,formal_employment,not_orphan,0,3,1,urban_informal,female,5
24511.0,informal_business,not_orphan,0,3,1,urban_formal,male,3
7662.0,informal_business,not_orphan,0,3,1,urban_formal,male,4
24769.0,formal_employment,not_orphan,0,3,1,urban_informal,male,4
21839.0,informal_business,not_orphan,1,3,1,urban_formal,male,3
13634.0,informal_business,not_orphan,0,3,1,rural_low_poverty,male,3
9084.0,unemployed,not_orphan,0,3,1,rural_high_poverty,female,2
4169.0,deceased_one,single_orphan,0,3,1,urban_formal,male,1
8299.0,informal_business,not_orphan,0,3,1,urban_informal,male,2
12962.0,deceased_one,single_orphan,0,3,1,urban_formal,male,3
38947.0,informal_business,not_orphan,0,3,1,urban_formal,female,4
84411.0,formal_employment,not_orphan,0,3,1,urban_formal,male,5
8326.0,informal_business,not_orphan,0,3,1,urban_informal,female,2
3641.0,deceased_both,double_orphan,0,3,1,rural_low_poverty,male,1
500.0,deceased_one,single_orphan,0,3,1,rural_high_poverty,female,1
27846.0,informal_business,not_orphan,0,3,1,rural_high_poverty,female,3
5013.0,deceased_one,single_orphan,0,3,1,urban_formal,female,1
48573.0,formal_employment,not_orphan,0,3,1,urban_formal,female,5
30430.0,formal_employment,not_orphan,0,3,1,urban_formal,female,5
30014.0,informal_business,not_orphan,0,3,1,urban_informal,male,4
500.0,unemployed,not_orphan,0,3,1,rural_low_poverty,male,1
5464.0,unemployed,not_orphan,0,3,1,rural_high_poverty,male,2
21645.0,informal_business,not_orphan,0,3,1,rural_low_poverty,female,4
20147.0,informal_business,not_orphan,0,3,1,rural_high_poverty,female,3
12279.0,informal_business,not_orphan,0,3,1,urban_informal,female,3
2255.0,unemployed,not_orphan,0,3,1,urban_informal,male,1
17364.0,informal_business,not_orphan,0,3,1,rural_low_poverty,female,4
17919.0,informal_business,not_orphan,0,3,1,rural_low_poverty,male,5
46941.0,formal_employment,not_orphan,0,3,1,urban_informal,male,5
16263.0,informal_business,not_orphan,0,3,1,urban_informal,male,4
3349.0,unemployed,not_orphan,0,3,1,rural_low_poverty,male,3
9421.0,informal_business,not_orphan,0,3,1,rural_high_poverty,female,3
5575.0,unemployed,not_orphan,0,3,1,urban_formal,male,3
20494.0,informal_business,not_orphan,0,3,1,rural_high_poverty,female,3
9573.0,informal_business,not_orphan,0,3,1,rural_low_poverty,male,4
48304.0,formal_employment,not_orphan,0,3,1,urban_formal,male,5
6576.0,unemployed,not_orphan,0,3,1,rural_high_poverty,male,2
1476.0,deceased_both,double_orphan,0,3,1,urban_informal,female,1
18549.0,informal_business,not_orphan,0,3,1,urban_informal,female,3
38006.0,formal_employment,not_orphan,0,3,1,rural_low_poverty,male,5
13261.0,informal_business,not_orphan,0,3,1,rural_high_poverty,male,3
5378.0,unemployed,not_orphan,0,3,1,urban_formal,female,3
10468.0,informal_business,not_orphan,0,3,1,urban_formal,female,4
10568.0,informal_business,not_orphan,0,3,1,rural_high_poverty,female,2
1082.0,deceased_one,single_orphan,0,3,1,urban_informal,male,1
1351.0,deceased_both,double_orphan,0,3,1,rural_low_poverty,male,1
56454.0,formal_employment,not_orphan,0,3,1,rural_high_poverty,male,4
43163.0,formal_employment,not_orphan,0,3,1,rural_low_poverty,female,5
10285.0,unemployed,not_orphan,0,3,1,urban_formal,male,3
21607.0,informal_business,not_orphan,0,3,1,rural_low_poverty,male,3
500.0,deceased_both,double_orphan,0,3,1,urban_formal,female,1
3739.0,deceased_both,double_orphan,0,3,1,urban_informal,male,1
8723.0,deceased_one,single_orphan,1,3,1,urban_formal,female,1
60162.0,formal_employment,not_orphan,0,3,1,urban_formal,female,5
5970.0,unemployed,not_orphan,0,3,1,urban_informal,female,2
42788.0,formal_employment,not_orphan,0,3,1,urban_formal,male,5
31734.0,formal_employment,not_orphan,0,3,1,urban_informal,male,5
3246.0,unemployed,not_orphan,0,3,1,rural_high_poverty,male,1
38426.0,formal_employment,not_orphan,0,3,1,rural_low_poverty,female,5
26835.0,informal_business,not_orphan,0,3,1,rural_low_poverty,male,3
23994.0,informal_business,not_orphan,0,3,1,urban_formal,male,5
4859.0,unemployed,not_orphan,0,3,1,urban_informal,female,2
11325.0,informal_business,not_orphan,1,3,1,rural_low_poverty,male,2
71495.0,formal_employment,not_orphan,0,3,1,rural_low_poverty,female,5
66316.0,formal_employment,not_orphan,0,3,1,urban_formal,female,5
9374.0,unemployed,not_orphan,0,3,1,rural_low_poverty,female,3
4526.0,unemployed,not_orphan,0,3,1,urban_formal,female,3
16838.0,deceased_one,single_orphan,0,3,1,rural_low_poverty,male,3
23546.0,informal_business,not_orphan,0,3,1,urban_informal,male,4
67195.0,formal_employment,not_orphan,0,3,1,urban_formal,male,5
7397.0,unemployed,not_orphan,0,3,1,urban_informal,male,2
22659.0,informal_business,not_orphan,0,3,1,urban_formal,female,4
7848.0,informal_business,not_orphan,0,3,1,rural_low_poverty,female,2
500.0,unemployed,not_orphan,0,3,1,rural_high_poverty,female,1
63078.0,formal_employment,not_orphan,1,3,1,rural_high_poverty,female,3
7767.0,unemployed,not_orphan,1,3,1,rural_high_poverty,female,1
4649.0,deceased_one,single_orphan,0,3,1,rural_low_poverty,female,1
32506.0,formal_employment,not_orphan,0,3,1,rural_high_poverty,male,4
25954.0,informal_business,not_orphan,0,3,1,rural_high_poverty,male,5
18233.0,informal_business,not_orphan,0,3,1,rural_low_poverty,female,3
17486.0,informal_business,not_orphan,0,3,1,urban_formal,female,3
4196.0,deceased_one,single_orphan,0,3,1,rural_low_poverty,male,1
14904.0,formal_employment,not_orphan,0,3,1,urban_formal,male,3
3770.0,unemployed,not_orphan,0,3,1,rural_low_poverty,male,2
51365.0,formal_employment,not_orphan,0,3,1,urban_formal,male,5
7547.0,deceased_one,single_orphan,0,3,1,urban_formal,female,1
61300.0,formal_employment,not_orphan,0,3,1,urban_formal,female,5
7494.0,informal_business,not_orphan,0,3,1,urban_informal,female,2
65798.0,formal_employment,not_orphan,0,3,1,rural_high_poverty,male,4
11561.0,deceased_one,single_orphan,0,3,1,urban_informal,female,2
2181.0,deceased_one,single_orphan,0,3,1,urban_informal,male,1
500.0,unemployed,not_orphan,1,3,1,rural_low_poverty,female,1
4191.0,unemployed,not_orphan,0,3,1,urban_formal,male,3
14625.0,informal_business,not_orphan,0,3,1,rural_low_poverty,female,2
26838.0,informal_business,not_orphan,0,3,1,rural_high_poverty,male,4
2783.0,unemployed,not_orphan,0,3,1,rural_high_poverty,female,2
16601.0,informal_business,not_orphan,0,3,1,rural_low_poverty,male,5
2729.0,deceased_one,single_orphan,0,3,1,urban_formal,male,1
23252.0,formal_employment,not_orphan,0,3,1,urban_informal,male,4
7412.0,unemployed,not_orphan,0,3,1,rural_low_poverty,male,3
500.0,deceased_one,single_orphan,0,3,1,urban_informal,female,1
16055.0,informal_business,not_orphan,0,3,1,urban_formal,male,3
2782.0,unemployed,not_orphan,0,3,1,rural_low_poverty,male,3
5409.0,deceased_both,double_orphan,0,3,1,urban_formal,male,1
17826.0,deceased_one,single_orphan,0,3,1,rural_high_poverty,female,2
7037.0,unemployed,not_orphan,0,3,1,rural_low_poverty,female,2
1449.0,informal_business,not_orphan,0,3,1,rural_low_poverty,male,1
20881.0,informal_business,not_orphan,0,3,1,rural_low_poverty,male,3
27266.0,informal_business,not_orphan,0,3,1,urban_informal,female,4
10153.0,informal_business,not_orphan,0,3,1,rural_high_poverty,female,2
4073.0,deceased_both,double_orphan,0,3,1,rural_high_poverty,female,1
10600.0,deceased_one,single_orphan,0,3,1,urban_formal,male,3
2068.0,deceased_both,double_orphan,0,3,1,urban_informal,male,1
500.0,deceased_both,double_orphan,0,3,1,rural_high_poverty,male,1
8509.0,informal_business,not_orphan,0,3,1,urban_informal,female,2
4805.0,deceased_both,double_orphan,0,3,1,rural_high_poverty,female,1
29282.0,informal_business,not_orphan,0,3,1,rural_low_poverty,male,5
500.0,deceased_both,double_orphan,0,3,1,rural_high_poverty,female,1
25636.0,informal_business,not_orphan,0,3,1,urban_formal,male,3
5372.0,informal_business,not_orphan,0,3,1,rural_low_poverty,male,2
14537.0,informal_business,not_orphan,0,3,1,urban_informal,male,4
8923.0,unemployed,not_orphan,0,3,1,urban_informal,male,4
21938.0,informal_business,not_orphan,0,3,1,rural_high_poverty,male,3
48861.0,formal_employment,not_orphan,0,3,1,urban_formal,female,5
15136.0,informal_business,not_orphan,0,3,1,rural_high_poverty,male,3
35258.0,informal_business,not_orphan,0,3,1,rural_high_poverty,male,4
50518.0,formal_employment,not_orphan,0,3,1,rural_low_poverty,female,5
19856.0,informal_business,not_orphan,0,3,1,rural_low_poverty,female,5
20573.0,informal_business,not_orphan,0,3,1,urban_formal,female,5
6794.0,unemployed,not_orphan,0,3,1,urban_informal,male,2
22109.0,informal_business,not_orphan,0,3,1,urban_formal,male,4
47449.0,formal_employment,not_orphan,0,3,1,rural_low_poverty,female,5
22934.0,informal_business,not_orphan,0,3,1,urban_informal,male,4
39556.0,formal_employment,not_orphan,0,3,1,urban_informal,male,3
16816.0,informal_business,not_orphan,0,3,1,rural_high_poverty,male,2
59850.0,formal_employment,not_orphan,0,3,1,urban_informal,male,5
19489.0,informal_business,not_orphan,0,3,1,rural_high_poverty,female,3
1718.0,unemployed,not_orphan,0,3,1,urban_informal,female,1
46911.0,formal_employment,not_orphan,0,3,1,rural_high_poverty,male,4
500.0,deceased_both,double_orphan,0,3,1,rural_high_poverty,female,1
17684.0,informal_business,not_orphan,0,3,1,urban_formal,female,4
3296.0,deceased_one,single_orphan,0,3,1,urban_formal,male,2
3124.0,unemployed,not_orphan,0,3,1,rural_high_poverty,male,2
7026.0,unemployed,not_orphan,0,3,1,urban_informal,female,3
7501.0,deceased_one,single_orphan,0,3,1,rural_high_poverty,male,1
12845.0,informal_business,not_orphan,0,3,1,rural_high_poverty,male,3
24284.0,informal_business,not_orphan,0,3,1,rural_low_poverty,female,4
24056.0,informal_business,not_orphan,0,3,1,rural_high_poverty,female,4
13860.0,informal_business,not_orphan,1,3,1,rural_low_poverty,male,2
500.0,deceased_one,single_orphan,0,3,1,rural_high_poverty,male,1
4128.0,deceased_one,single_orphan,0,3,1,urban_informal,female,1
2001.0,deceased_both,double_orphan,0,3,1,urban_informal,male,1
4647.0,unemployed,not_orphan,0,3,1,urban_formal,male,2
15822.0,informal_business,not_orphan,0,3,1,urban_formal,female,5
7422.0,unemployed,not_orphan,0,3,1,urban_informal,female,2
20539.0,informal_business,not_orphan,0,3,1,urban_formal,male,5
9311.0,unemployed,not_orphan,0,3,1,urban_formal,male,3
9463.0,unemployed,not_orphan,0,3,1,urban_formal,female,3
14877.0,informal_business,not_orphan,0,3,1,urban_informal,female,3
9351.0,deceased_one,single_orphan,0,3,1,urban_informal,female,2
28154.0,informal_business,not_orphan,0,3,1,urban_formal,male,5
56195.0,formal_employment,not_orphan,1,3,1,urban_informal,female,3
9173.0,deceased_one,single_orphan,0,3,1,urban_formal,male,2
22560.0,informal_business,not_orphan,0,3,1,urban_formal,female,4
14978.0,informal_business,not_orphan,0,3,1,rural_high_poverty,male,2
37381.0,informal_business,not_orphan,0,3,1,urban_formal,male,5
25862.0,informal_business,not_orphan,0,3,1,urban_formal,female,5
31406.0,informal_business,not_orphan,0,3,1,rural_low_poverty,female,5
52239.0,formal_employment,not_orphan,0,3,1,urban_informal,male,5
42142.0,formal_employment,not_orphan,1,3,1,rural_low_poverty,male,2
6322.0,deceased_one,single_orphan,0,3,1,urban_formal,male,2
19474.0,informal_business,not_orphan,0,3,1,rural_low_poverty,female,4
9969.0,formal_employment,not_orphan,0,3,1,urban_informal,male,2
15747.0,informal_business,not_orphan,0,3,1,rural_low_poverty,male,3
40416.0,formal_employment,not_orphan,0,3,1,urban_informal,male,4
1096.0,unemployed,not_orphan,0,3,1,rural_high_poverty,male,1
59644.0,formal_employment,not_orphan,0,3,1,rural_high_poverty,male,4
5734.0,informal_business,not_orphan,0,3,1,rural_high_poverty,female,1
20687.0,informal_business,not_orphan,0,3,1,rural_high_poverty,male,3
3802.0,unemployed,not_orphan,0,3,1,urban_informal,female,2
5580.0,unemployed,not_orphan,0,3,1,rural_low_poverty,male,2
22726.0,informal_business,not_orphan,0,3,1,urban_formal,female,5
6826.0,deceased_one,single_orphan,0,3,1,rural_low_poverty,female,2
6102.0,informal_business,not_orphan,0,3,1,urban_informal,female,2
48747.0,formal_employment,not_orphan,0,3,1,rural_low_poverty,male,5
2282.0,deceased_one,single_orphan,0,3,1,rural_low_poverty,male,1
19101.0,informal_business,not_orphan,0,3,1,rural_high_poverty,male,3
2866.0,deceased_both,double_orphan,0,3,1,rural_low_poverty,female,1
7143.0,informal_business,not_orphan,0,3,1,rural_low_poverty,female,3
3156.0,unemployed,not_orphan,0,3,1,rural_high_poverty,female,1
36009.0,formal_employment,not_orphan,0,3,1,urban_informal,male,5
57731.0,formal_employment,not_orphan,1,3,1,rural_high_poverty,female,3
11987.0,formal_employment,not_orphan,0,3,1,rural_high_poverty,male,3
16066.0,informal_business,not_orphan,0,3,1,rural_low_poverty,female,3
50899.0,formal_employment,not_orphan,0,3,1,urban_formal,male,5
73857.0,formal_employment,not_orphan,0,3,1,rural_low_poverty,male,5
25683.0,informal_business,not_orphan,0,3,1,rural_high_poverty,male,3
62737.0,formal_employment,not_orphan,0,3,1,rural_low_poverty,female,5
3331.0,deceased_one,single_orphan,0,3,1,rural_high_poverty,male,1
5760.0,unemployed,not_orphan,0,3,1,rural_high_poverty,female,1
22394.0,informal_business,not_orphan,0,3,1,urban_formal,male,5
18768.0,informal_business,not_orphan,0,3,1,rural_high_poverty,female,3
16726.0,informal_business,not_orphan,0,3,1,rural_high_poverty,male,4
18656.0,informal_business,not_orphan,0,3,1,rural_high_poverty,female,2
15693.0,informal_business,not_orphan,0,3,1,rural_high_poverty,male,2
19463.0,informal_business,not_orphan,0,3,1,rural_high_poverty,female,3
31729.0,informal_business,not_orphan,0,3,1,urban_informal,female,5
6838.0,unemployed,not_orphan,1,3,1,urban_formal,male,2
27550.0,informal_business,not_orphan,0,3,1,rural_low_poverty,female,4
24167.0,informal_business,not_orphan,0,3,1,urban_informal,male,4
14793.0,informal_business,not_orphan,0,3,1,urban_formal,male,4
9455.0,deceased_one,single_orphan,0,3,1,urban_informal,female,2
18765.0,informal_business,not_orphan,0,3,1,rural_high_poverty,male,5
23692.0,informal_business,not_orphan,0,3,1,urban_formal,male,3
1622.0,unemployed,not_orphan,0,3,1,urban_formal,male,1
6502.0,deceased_one,single_orphan,1,3,1,urban_formal,male,1
14218.0,informal_business,not_orphan,1,3,1,rural_high_poverty,female,2
1216.0,deceased_both,double_orphan,0,3,1,urban_formal,female,1
19044.0,formal_employment,not_orphan,0,3,1,rural_high_poverty,female,3
5505.0,unemployed,not_orphan,1,3,1,rural_high_poverty,male,1
1241.0,deceased_both,double_orphan,0,3,1,rural_low_poverty,female,1
22254.0,formal_employment,not_orphan,0,3,1,urban_informal,male,4
15673.0,informal_business,not_orphan,0,3,1,rural_low_poverty,male,3
2481.0,deceased_both,double_orphan,0,3,1,rural_high_poverty,male,1
31416.0,formal_employment,not_orphan,0,3,1,rural_low_poverty,male,3
10811.0,informal_business,not_orphan,0,3,1,rural_high_poverty,female,2
9256.0,informal_business,not_orphan,0,3,1,urban_informal,male,3
16883.0,informal_business,not_orphan,0,3,1,urban_informal,female,4
6448.0,unemployed,not_orphan,0,3,1,rural_low_poverty,female,3
31725.0,informal_business,not_orphan,1,3,1,urban_formal,female,2
57613.0,formal_employment,not_orphan,0,3,1,urban_formal,female,5
3363.0,deceased_one,single_orphan,0,3,1,rural_low_poverty,male,1
4018.0,unemployed,not_orphan,0,3,1,urban_informal,female,3
6384.0,deceased_one,single_orphan,0,3,1,urban_informal,female,1
8098.0,deceased_both,double_orphan,0,3,1,rural_high_poverty,male,1
